F.D.A. Expert Panel Endorses Johnson & Johnson�s Vaccine,"With this last hurdle cleared, formal authorization of the one-dose vaccine is expected on Saturday and distribution within days.",By Carl Zimmer and Noah Weiland,The New York Times,2021-02-26T23:25:45+0000,https://www.nytimes.com/2021/02/26/health/covid-vaccine-johnson-and-johnson.html,"""Johnson & Johnson"" OR ""Johnson and Johnson"""
Johnson & Johnson Begins Covid-19 Vaccine Distribution,Johnson & Johnson said it would start shipping millions of doses early this week after the Food and Drug Administration granted emergency use authorization for its vaccine on Saturday.,By The Associated Press,The New York Times,2021-03-01T17:57:38+0000,https://www.nytimes.com/video/us/100000007630214/johnson-johnson-coronavirus-vaccine.html,"""Johnson & Johnson"" OR ""Johnson and Johnson"""
"F.D.A. Clears Johnson & Johnson�s Shot, the Third Vaccine for U.S.",The authorization of a third Covid-19 vaccine will bring millions more doses within days. But health officials worry that some people will see the vaccine as the inferior choice.,By Noah Weiland and Sharon LaFraniere,The New York Times,2021-02-27T23:12:09+0000,https://www.nytimes.com/2021/02/27/health/covid-vaccine-johnson-and-johnson.html,"""Johnson & Johnson"" OR ""Johnson and Johnson"""
Johnson & Johnson has planned trials of its vaccine that will include infants.,The company�s coming trials will also involve pregnant women and people whose immune systems are compromised.,By Gina Kolata,The New York Times,2021-02-28T19:55:38+0000,https://www.nytimes.com/2021/02/28/world/johnson-and-johnson-vaccine-testing-children.html,"""Johnson & Johnson"" OR ""Johnson and Johnson"""
Here is what we know about the rollout of the Johnson & Johnson vaccine.,"Much is still to be determined about how this new tool will be used, but some things are already clear.",By Patrick J. Lyons,The New York Times,2021-03-01T22:00:31+0000,https://www.nytimes.com/2021/03/01/us/jj-vaccine-rollout.html,"""Johnson & Johnson"" OR ""Johnson and Johnson"""
F.D.A.�s expert panel voted in favor of the Johnson & Johnson shot.,"With this last hurdle cleared, formal authorization of the one-dose vaccine is expected on Saturday and distribution within days.","By Carl Zimmer, Noah Weiland and Sharon LaFraniere",The New York Times,2021-02-26T10:02:39+0000,https://www.nytimes.com/2021/02/26/world/FDA-Johnson-and-Johnson-vaccine.html,"""Johnson & Johnson"" OR ""Johnson and Johnson"""
Biden administration officials tried to tamp down expectations for supplies of the Johnson & Johnson vaccine.,The committee�s approval echoed the Food and Drug Administration�s decision on Saturday to authorize the vaccine for emergency use.,By Sharon LaFraniere,The New York Times,2021-02-28T20:28:48+0000,https://www.nytimes.com/2021/02/28/world/cdc-johnson-and-johnson-vaccine.html,"""Johnson & Johnson"" OR ""Johnson and Johnson"""
New analyses show Johnson & Johnson�s one-dose vaccine works well.,F.D.A. studies show the shot strongly protects against severe illness and may reduce spread of the virus. But the drugmaker has fallen short of initial production goals.,"By Carl Zimmer, Noah Weiland and Sharon LaFraniere",The New York Times,2021-02-24T13:18:26+0000,https://www.nytimes.com/2021/02/24/science/johnson-johnson-covid-vaccine.html,"""Johnson & Johnson"" OR ""Johnson and Johnson"""
Johnson Lays Out a Cautious Path for Leaving the Lockdown,"Having confused and angered Britons in the early stages of the pandemic, he is determined to make the step-by-step plan �irreversible.�",By Mark Landler and Stephen Castle,The New York Times,2021-02-22T20:12:22+0000,https://www.nytimes.com/2021/02/22/world/europe/johnson-lockdown-economy.html,"""Johnson & Johnson"" OR ""Johnson and Johnson"""
Boris Johnson Says Brazilian Coronavirus Variant Is Not a Threat,"A concerning variant of the coronavirus first detected in Brazil has surfaced in Britain, but Prime Minister Boris Johnson told citizens they have nothing to worry about.",By The Associated Press,AP,2021-03-01T14:11:27+0000,https://www.nytimes.com/video/world/europe/100000007629794/boris-johnson-brazil-coronavirus-variant.html,"""Johnson & Johnson"" OR ""Johnson and Johnson"""
He Was Convicted in a Police Officer�s Murder. Trump Gave Him Clemency.,Jaime A. Davidson was in prison for nearly 30 years for one of upstate New York�s most notorious crimes. Political connections appear to have set him free.,By Troy Closson,The New York Times,2021-01-26T22:53:12+0000,https://www.nytimes.com/2021/01/26/nyregion/jaime-davidson-clemency-syracuse.html,"""Johnson & Johnson"" OR ""Johnson and Johnson"""
"U.K. Exceeds 100,000 Coronavirus Deaths","Prime Minister Boris Johnson of Britain announced Tuesday that the country had surpassed 100,000 total deaths from the coronavirus pandemic, and called for the country to remember the lives lost.",By The Associated Press,The New York Times,2021-01-26T20:01:11+0000,https://www.nytimes.com/video/world/europe/100000007571855/boris-johnson-uk-100-thousand-coronavirus-deaths.html,"""Johnson & Johnson"" OR ""Johnson and Johnson"""
"Britain Passes a Grim Milestone of 100,000 Coronavirus Deaths",Mandatory hotel quarantines for travelers entering the country are being weighed as fatality rates soar despite a national lockdown.,By Mark Landler and Stephen Castle,The New York Times,2021-01-26T20:40:34+0000,https://www.nytimes.com/2021/01/26/world/europe/britain-covid-deaths-quarantine.html,"""Johnson & Johnson"" OR ""Johnson and Johnson"""
"After Leaving Trump Property, P.G.A. Championship Lands in Oklahoma","The major had been set to be played at Trump National Golf Club Bedminster, N.J. in 2022, until the P.G.A. of America pulled out, saying that holding it there would be �detrimental� to its brand.",By Bill Pennington,The New York Times,2021-01-26T00:19:48+0000,https://www.nytimes.com/2021/01/25/sports/golf/trump-pga-championship-oklahoma.html,"""Johnson & Johnson"" OR ""Johnson and Johnson"""
Alarm in U.K. Over Virus Variant Bolsters Case for Lockdown,A warning that the variant could be deadlier is a powerful argument that Britain could be entering a severe new phase of the pandemic and that easing lockdown rules could be calamitous.,By Mark Landler and Benjamin Mueller,The New York Times,2021-01-24T17:53:02+0000,https://www.nytimes.com/2021/01/24/world/europe/britain-virus-variant-lockdown.html,"""Johnson & Johnson"" OR ""Johnson and Johnson"""
Johnson & Johnson Expects Vaccine Results Soon but Lags in Production,The U.S. needs J.&J.�s one-shot vaccine more than ever. But the company is behind on manufacturing promises made in its Operation Warp Speed contract.,"By Carl Zimmer, Sharon LaFraniere and Noah Weiland",The New York Times,2021-01-13T10:00:18+0000,https://www.nytimes.com/2021/01/13/health/covid-vaccine-johnson-johnson.html,"""Johnson & Johnson"" OR ""Johnson and Johnson"""
The Trump Presidency Is Now History. So How Will It Rank?,"As scholars consider the legacy of Donald J. Trump, it appears that even the woefully inadequate James Buchanan has some serious competition.",By Sarah Lyall,The New York Times,2021-01-23T17:32:10+0000,https://www.nytimes.com/2021/01/23/us/politics/trump-presidential-history.html,"""Johnson & Johnson"" OR ""Johnson and Johnson"""
Biden Seeks to Define His Presidency by an Early Emphasis on Equity,"Only two presidents before him have used their first weeks in office to push for equality with the same force, according to one historian.",By Jim Tankersley and Michael D. Shear,The New York Times,2021-01-23T16:56:41+0000,https://www.nytimes.com/2021/01/23/business/biden-equity-racial-gender.html,"""Johnson & Johnson"" OR ""Johnson and Johnson"""
U.S. Executes Corey Johnson for 7 Murders in 1992,"Mr. Johnson�s execution, the 12th during the Trump administration, was carried out weeks after he found out he had the coronavirus.",By Hailey Fuchs,The New York Times,2021-01-15T05:18:53+0000,https://www.nytimes.com/2021/01/15/us/corey-johnson-execution.html,"""Johnson & Johnson"" OR ""Johnson and Johnson"""
"Howard Johnson, 79, Dies; Elevated the Tuba in Jazz and Beyond","He helped to find a new role for a notoriously cumbersome instrument in a wide range of musical settings, including the �Saturday Night Live� band.",By Giovanni Russonello,The New York Times,2021-01-14T18:49:12+0000,https://www.nytimes.com/2021/01/14/arts/music/howard-johnson-dead.html,"""Johnson & Johnson"" OR ""Johnson and Johnson"""
Which Vaccine Should You Get?,"When there are multiple shots of varying effectiveness, take whatever is available to you first.",By Bruce Y. Lee,The New York Times,2021-02-26T10:00:15+0000,https://www.nytimes.com/2021/02/26/opinion/us-covid-vaccines.html,"""Johnson & Johnson"" OR ""Johnson and Johnson"""
Your Monday Briefing,Protests against Spain�s biting economic crisis.,By Natasha Frost,The New York Times,2021-03-01T02:56:48+0000,https://www.nytimes.com/2021/02/28/briefing/spain-protests-coronavirus-hong-kong.html,"""Johnson & Johnson"" OR ""Johnson and Johnson"""
Boris Johnson Pays Tribute to �Captain Tom�,"Prime Minister Boris Johnson of Britain urged the nation to clap in memory of �Captain Tom,� a 100-year-old Army veteran who raised millions for Britain�s health workers.",By The Associated Press,AP,2021-02-03T19:26:31+0000,https://www.nytimes.com/video/world/europe/100000007585846/boris-johnson-tom-moore-national-clap.html,"""Johnson & Johnson"" OR ""Johnson and Johnson"""
The Biden Economy Risks a Speeding Ticket,"The administration�s proposed $1.9 trillion stimulus package may be too much for safety, an economist says.",By N. Gregory Mankiw,The New York Times,2021-02-26T11:00:06+0000,https://www.nytimes.com/2021/02/26/business/biden-stimulus-overheat-economy.html,"""Johnson & Johnson"" OR ""Johnson and Johnson"""
Lawmakers Clash Over Call for Special Panel to Investigate Capitol Assault,"The disputes are reminiscent of the fight surrounding the creation of the independent commission that conducted an inquiry into the Sept. 11, 2001, attacks.",By Carl Hulse,The New York Times,2021-02-26T00:12:38+0000,https://www.nytimes.com/2021/02/25/us/capitol-assault-commission.html,"""Johnson & Johnson"" OR ""Johnson and Johnson"""
True Crime Gets Its Close-Up,"In �Two Truths and a Lie,� �Confident Women� and �The Officer�s Daughter,� readers feel the aftershocks of felonies and malfeasances.",By Kate Tuttle,The New York Times,2021-02-23T10:00:06+0000,https://www.nytimes.com/2021/02/23/books/review/two-truths-and-a-lie-ellen-mcgarrahan.html,"""Johnson & Johnson"" OR ""Johnson and Johnson"""
Finding Art Miles Away From the Expected,"Hanne Tierney has made her FiveMyles gallery in Crown Heights, Brooklyn, both a beacon and an anchor for the neighborhood.",By Seph Rodney,The New York Times,2021-02-23T23:58:52+0000,https://www.nytimes.com/2021/02/23/arts/design/five-myles-gallery-women-black-artists.html,"""Johnson & Johnson"" OR ""Johnson and Johnson"""
Your Tuesday Briefing,England�s cautious steps toward normalcy.,By Natasha Frost,The New York Times,2021-02-23T03:07:37+0000,https://www.nytimes.com/2021/02/22/briefing/britain-coronavirus.html,"""Johnson & Johnson"" OR ""Johnson and Johnson"""
Cruz and Cuomo Face Scandal. Trump Can�t Save Them.,"Without Donald Trump dominating the political conversation, politicians� audacious behavior isn�t so quickly subsumed.",By Lisa Lerer,The New York Times,2021-02-20T10:00:03+0000,https://www.nytimes.com/2021/02/20/us/politics/cruz-cuomo-scandal.html,"""Johnson & Johnson"" OR ""Johnson and Johnson"""
How a Former News Anchor and Current Painter Spends His Sundays,"John Johnson, a trailblazing Black journalist, lives in the woods now, where he has an art studio and a cozy den that he calls �the nest.�",By Alix Strauss,The New York Times,2021-02-19T10:00:24+0000,https://www.nytimes.com/2021/02/19/nyregion/john-johnson-journalist-painter.html,"""Johnson & Johnson"" OR ""Johnson and Johnson"""
Johnson & Johnson�s Vaccine Works Well and May Curb Virus Spread,F.D.A. studies show the shot strongly protects against severe illness and may reduce spread of the virus. But the drugmaker has fallen short of initial production goals.,"By Carl Zimmer, Noah Weiland and Sharon LaFraniere",The New York Times,2021-02-24T22:36:30+0000,https://www.nytimes.com/2021/02/24/health/covid-vaccine-johnson-and-johnson.html,"""Johnson & Johnson"" OR ""Johnson and Johnson"""
Boris Johnson Maps Out Plan to Lift Virus Lockdown,Prime Minister Boris Johnson of Britain outlined a plan to remove lockdown measures as a path toward �freedom� for the region.,By The Associated Press,AP,2021-02-22T18:07:01+0000,https://www.nytimes.com/video/world/europe/100000007617999/boris-johnson-uk-virus-lockdown.html,"""Johnson & Johnson"" OR ""Johnson and Johnson"""
Boris Johnson Calls for G7 Cooperation on Global Threats,"Boris Johnson, the British prime minister, hosted a virtual meeting with leaders of the Group of 7 nations on Friday and outlined the need for a multilateral approach to global vaccinations and the fight against climate change.",By The Associated Press,The New York Times,2021-02-20T02:12:06+0000,https://www.nytimes.com/video/world/europe/100000007615452/boris-johnson-coronavirus-climate-change.html,"""Johnson & Johnson"" OR ""Johnson and Johnson"""
Ron Johnson Says He Still Has Many Unanswered Questions,"The Republican senator from Wisconsin is known for regularly promoting fringe theories favored by the right, most recently questioning the fact that pro-Trump rioters attacked the Capitol.",By Reid J. Epstein,The New York Times,2021-03-01T08:00:08+0000,https://www.nytimes.com/2021/03/01/us/politics/ron-johnson-capitol-riot.html,"""Johnson & Johnson"" OR ""Johnson and Johnson"""
Opponents Beware: Willow Johnson Inherited Her Father�s Left Arm,A daughter of the Hall of Fame pitcher Randy Johnson is part of an effort to bring professional women�s volleyball to the United States.,By David Waldstein,The New York Times,2021-02-25T12:00:07+0000,https://www.nytimes.com/2021/02/25/sports/willow-johnson-randy-pro-volleyball.html,"""Johnson & Johnson"" OR ""Johnson and Johnson"""
Dwayne Johnson Finds Room to Grow in �Young Rock�,"The new NBC comedy, based on Johnson�s real life, chronicles him at three different ages on his journey to adulthood and stardom.",By Dave Itzkoff,The New York Times,2021-02-15T13:00:07+0000,https://www.nytimes.com/2021/02/15/arts/television/dwayne-johnson-young-rock.html,"""Johnson & Johnson"" OR ""Johnson and Johnson"""
Corey Johnson Exited the N.Y.C. Mayor�s Race. Will He Run for Comptroller?,"Mr. Johnson, the New York City Council speaker, said he expected to decide in the next two weeks whether to run to be the city�s fiscal watchdog.",By Jeffery C. Mays and Emma G. Fitzsimmons,The New York Times,2021-02-16T17:30:49+0000,https://www.nytimes.com/2021/02/16/nyregion/corey-johnson-nyc-comptroller.html,"""Johnson & Johnson"" OR ""Johnson and Johnson"""
Chuck Johnson�s Ode to What�s Been Lost in California�s Fires,"His pedal steel album �The Cinder Grove� is a eulogy for landscapes that are still being razed, but holds on to hope for what comes next.",By Grayson Haver Currin,The New York Times,2021-02-10T22:31:20+0000,https://www.nytimes.com/2021/02/10/arts/music/chuck-johnson-cinder-grove.html,"""Johnson & Johnson"" OR ""Johnson and Johnson"""
"Johnson Wins Vaccine Spat With E.U., but a Struggle Over Northern Ireland Looms","Buoyed by Britain�s vaccination procurement and rollout success, Prime Minister Boris Johnson is threatening to reverse a deal signed with the bloc over the territory�s trading arrangements.",By Mark Landler,The New York Times,2021-02-04T19:51:49+0000,https://www.nytimes.com/2021/02/04/world/europe/johnson-uk-eu-vaccine.html,"""Johnson & Johnson"" OR ""Johnson and Johnson"""
The Ugly Divorce Between Britain and Brussels Is Just Getting Started,"As trade disputes pile up, the blame game evident in the early months of the split suits domestic political needs on both sides.",By Mark Landler,The New York Times,2021-02-28T12:43:09+0000,https://www.nytimes.com/2021/02/28/world/europe/brexit-uk-brussels.html,"""Johnson & Johnson"" OR ""Johnson and Johnson"""
The Standing 7-Minute Workout,A gentler version of a popular workout keeps you moving while keeping your body off the floor.,By Tara Parker-Pope,The New York Times,2021-01-22T10:00:29+0000,https://www.nytimes.com/2021/01/22/well/standing-7-minute-workout.html,"""Johnson & Johnson"" OR ""Johnson and Johnson"""
"Robert Saleh Outlines Plans for the Jets, With No Specifics About Quarterback",Saleh praised Sam Darnold�s arm strength but stopped short of committing to him as the starter as the Jets hold the No. 2 pick in the draft.,By Gillian R. Brassil,The New York Times,2021-01-22T00:10:35+0000,https://www.nytimes.com/2021/01/21/sports/football/robert-saleh-jets.html,"""Johnson & Johnson"" OR ""Johnson and Johnson"""
�Our Friend� Review: Lean on Me,Jason Segel is the ballast that keeps this soggy drama from sinking completely.,By Jeannette Catsoulis,The New York Times,2021-01-21T12:00:04+0000,https://www.nytimes.com/2021/01/21/movies/our-friend-review.html,"""Johnson & Johnson"" OR ""Johnson and Johnson"""
Trump Is Not the First President to Snub an Inauguration,"A few heads of state have refused to celebrate their successors. �It�s usually a sign that American society is in the midst of major political feud,� the presidential historian Douglas Brinkley said.",By Jacey Fortin,The New York Times,2021-01-19T15:11:13+0000,https://www.nytimes.com/2021/01/19/us/politics/presidents-who-skipped-inaugurations.html,"""Johnson & Johnson"" OR ""Johnson and Johnson"""
Bryan Cranston Won�t Play Donald Trump,The actor who portrayed Lyndon Johnson and Walter White says he�s drawn to broken characters. But he�s got his limits.,By Kara Swisher,The New York Times,2021-01-19T10:00:07+0000,https://www.nytimes.com/2021/01/19/opinion/sway-kara-swisher-bryan-cranston.html,"""Johnson & Johnson"" OR ""Johnson and Johnson"""
Business Makes the Case for a Post-Trump Reset,"A group of company leaders and former policymakers argue that �globalism� isn�t an epithet. Instead, they argue, it is the way forward.",By Andrew Ross Sorkin,The New York Times,2021-01-19T11:47:09+0000,https://www.nytimes.com/2021/01/19/business/dealbook/trump-globalism.html,"""Johnson & Johnson"" OR ""Johnson and Johnson"""
"Carol Johnson, Leading Landscape Architect, Dies at 91","Her firm, one of the largest owned by a woman, was known for large-scale projects in Boston, Washington and elsewhere.",By Penelope Green,The New York Times,2021-01-08T21:41:12+0000,https://www.nytimes.com/2021/01/08/arts/design/carol-johnson-dead.html,"""Johnson & Johnson"" OR ""Johnson and Johnson"""
Boris Johnson Calls Trump�s Actions �Completely Wrong�,Prime Minister Boris Johnson of Britain criticized President Trump for sowing doubt in the U.S. presidential election results and for encouraging mob violence in the Capitol.,By Reuters,Reuters,2021-01-07T22:19:17+0000,https://www.nytimes.com/video/world/europe/100000007539690/boris-johnson-washington-riot.html,"""Johnson & Johnson"" OR ""Johnson and Johnson"""
The Impeachment Proceedings That Came Before,"With a House majority voting to impeach President Trump on a charge of inciting insurrection, here is a look back at what happened to Bill Clinton, Richard Nixon and Andrew Johnson.",By Maggie Astor,The New York Times,2021-01-13T21:57:30+0000,https://www.nytimes.com/2021/01/13/us/politics/which-presidents-have-been-impeached.html,"""Johnson & Johnson"" OR ""Johnson and Johnson"""
"With Hospitals Nearly Overwhelmed, Britain Faces Harder Days","As a more contagious variant of the coronavirus tears through the country, and as people resist new restrictions, hospitals are struggling to cope with a surge in patients.",By Marc Santora,The New York Times,2021-01-12T20:11:04+0000,https://www.nytimes.com/2021/01/12/world/europe/britain-hospitals-coronavirus.html,"""Johnson & Johnson"" OR ""Johnson and Johnson"""
What to Know About the World�s Top Covid-19 Vaccines,Scientists have developed dozens of Covid vaccines at record speed. Here are the leading products.,,The New York Times,2021-01-12T14:06:22+0000,https://www.nytimes.com/interactive/2021/01/12/health/covid-vaccines-list.html,"""Johnson & Johnson"" OR ""Johnson and Johnson"""
When an I.Q. Score Is a Death Sentence,"The Supreme Court declared it was unconstitutional to execute intellectually disabled people. On Thursday, we�re set to do it anyway.",By Elizabeth Bruenig,The New York Times,2021-01-11T20:00:07+0000,https://www.nytimes.com/2021/01/11/opinion/death-penalty-mental-disability.html,"""Johnson & Johnson"" OR ""Johnson and Johnson"""
"As Britain Enters a Crisis Period, a Reprieve of Sorts for Johnson",The public health threat of the new coronavirus variant has stilled the British prime minister�s critics and offered a chance to redeem past failures.,By Mark Landler and Stephen Castle,The New York Times,2021-01-06T19:23:24+0000,https://www.nytimes.com/2021/01/06/world/europe/britain-covid-variant-johnson.html,"""Johnson & Johnson"" OR ""Johnson and Johnson"""
Notable Arrests After the Riot at the Capitol,Dozens have been charged since a mob of Trump supporters stormed the U.S. Capitol on Jan. 6.,By Marie Fazio,The New York Times,2021-01-10T19:37:21+0000,https://www.nytimes.com/2021/01/10/us/politics/capitol-arrests.html,"""Johnson & Johnson"" OR ""Johnson and Johnson"""
Trump Loyalists Arrested and Charged With Involvement in Capitol Siege,"A well-known conspiracy theorist who entered the Capitol shirtless, wearing a fur headdress with horns, was among those arrested.",By Will Wright,The New York Times,2021-01-09T19:51:04+0000,https://www.nytimes.com/2021/01/09/us/politics/capitol-riot-charges.html,"""Johnson & Johnson"" OR ""Johnson and Johnson"""
What We Found in Robert Caro�s Yellowed Files,The author of �The Power Broker� and a multivolume biography of L.B.J. is giving awed archivists � and New York � access to more than 50 years of research.,By Dan Barry,The New York Times,2021-01-08T10:00:23+0000,https://www.nytimes.com/2021/01/08/nyregion/robert-caro-archives.html,"""Johnson & Johnson"" OR ""Johnson and Johnson"""
Former Goldman Banker and Political Donor to Be Named BBC Chairman,Richard Sharp will step into a role that requires a politician�s touch as the broadcaster faces threats to its funding from the governing Conservative Party.,By Eshe Nelson,The New York Times,2021-01-06T19:01:47+0000,https://www.nytimes.com/2021/01/06/business/media/richard-sharp-bbc-chairman.html,"""Johnson & Johnson"" OR ""Johnson and Johnson"""
5 Art Accounts to Follow on Instagram Now,"Our critic recommends travel photography, a philosophical comic strip, a chronicler of Black life and the funerary monuments of old New York.",By Will Heinrich,The New York Times,2021-01-06T15:41:29+0000,https://www.nytimes.com/2021/01/06/arts/design/art-accounts-to-follow-on-instagram-now.html,"""Johnson & Johnson"" OR ""Johnson and Johnson"""
Vote Certification Proceedings Restart After Siege at Capitol: Reporter Analysis,The debate in Congress to certify President-elect Joe Biden�s Electoral College victory has renewed hours after the proceeding was disrupted by a pro-Trump mob storming the Capitol. We covered the evening�s events as they unfolded.,By The New York Times,The New York Times,2021-01-06T17:55:50+0000,https://www.nytimes.com/interactive/2021/01/06/us/politics/electoral-college-certification-live-stream.html,"""Johnson & Johnson"" OR ""Johnson and Johnson"""
Britain Scrambles to Battle the Virus,"Speaking at a news conference, Prime Minister Boris Johnson of Britain said that 1.3 million people had already been vaccinated, and that he hoped that the most vulnerable could be protected by the vaccine within about six weeks.",By Reuters,Reuters,2021-01-05T21:21:06+0000,https://www.nytimes.com/video/world/europe/100000007534925/boris-johnson-vaccine-distribution.html,"""Johnson & Johnson"" OR ""Johnson and Johnson"""
How a Dangerous New Coronavirus Variant Thwarted Some Countries� Vaccine Hopes,A finding that the AstraZeneca-Oxford vaccine had little effect on a fast-spreading coronavirus variant was baleful news for South Africa and other countries counting on the shot.,By Benjamin Mueller,The New York Times,2021-02-08T23:57:29+0000,https://www.nytimes.com/2021/02/08/world/africa/south-africa-Covid-variant-vaccine.html,"""Johnson & Johnson"" OR ""Johnson and Johnson"""
New in Paperback: �Blowout� and �The Last Trial�,Six new paperbacks to check out this week.,By Jennifer Krauss,The New York Times,2021-02-05T10:00:04+0000,https://www.nytimes.com/2021/02/05/books/review/new-paperbacks.html,"""Johnson & Johnson"" OR ""Johnson and Johnson"""
"Vaccine News Gives Hope for Spring, if Enough People Get the Shots","New data from several vaccine trials offer positive signs, but many public health experts say emerging variants mean the next few months will be a race against the virus.",By Katie Thomas and Rebecca Robbins,The New York Times,2021-02-03T23:38:20+0000,https://www.nytimes.com/2021/02/03/health/covid-vaccines.html,"""Johnson & Johnson"" OR ""Johnson and Johnson"""
Top E.U. Official Comes Under Fire in Vaccine Wars,Ursula von der Leyen has largely stayed away from the limelight while driving the handling of a crisis and letting subordinates take the blame.,By Matina Stevis-Gridneff and Steven Erlanger,The New York Times,2021-02-01T19:55:37+0000,https://www.nytimes.com/2021/02/01/world/europe/eu-vaccine-von-der-leyen.html,"""Johnson & Johnson"" OR ""Johnson and Johnson"""
"Coronavirus Variant May Have Higher Death Rate, Johnson Says","British Prime Minister Boris Johnson warned that the new variant of the coronavirus, first detected in England, may be associated with a higher degree of mortality.",By The Associated Press,AP,2021-01-22T18:45:41+0000,https://www.nytimes.com/video/world/europe/100000007565905/uk-coronavirus-variant-mortality.html,"""Johnson & Johnson"" OR ""Johnson and Johnson"""
Which Covid Vaccine Should You Get? Experts Cite the Effect Against Severe Disease,"Infectious disease doctors say getting a shot of the J&J vaccine, which has a lower efficacy against the virus than other vaccines, would still be well worthwhile.",By Denise Grady,The New York Times,2021-01-29T22:32:49+0000,https://www.nytimes.com/2021/01/29/health/Covid-vaccine-explainer.html,"""Johnson & Johnson"" OR ""Johnson and Johnson"""
Coronavirus Briefing: What Happened Today,"Johnson & Johnson�s vaccine works, but it was less effective on a new, more contagious variant.",By Amelia Nierenberg,The New York Times,2021-01-29T23:24:17+0000,https://www.nytimes.com/2021/01/29/us/coronavirus-briefing-what-happened-today.html,"""Johnson & Johnson"" OR ""Johnson and Johnson"""
"New Virus Variant May Be Somewhat Deadlier, U.K. Warns","The evidence on the fatality rate is worrisome but not yet solid, scientists said. It contrasts with news that Britain is vaccinating its people at a promising pace.",By Mark Landler and Benjamin Mueller,The New York Times,2021-01-22T22:49:10+0000,https://www.nytimes.com/2021/01/22/world/europe/virus-variant-uk.html,"""Johnson & Johnson"" OR ""Johnson and Johnson"""
Vaccine Rollout Gives U.K. a Rare Win in the Pandemic,�Vaccination is the one thing we�ve gotten right�: How a country that botched so much of its pandemic response has managed one of the fastest distributions in the world.,By Mark Landler and Benjamin Mueller,The New York Times,2021-01-29T17:57:22+0000,https://www.nytimes.com/2021/01/29/world/europe/covid-vaccine-uk.html,"""Johnson & Johnson"" OR ""Johnson and Johnson"""
Britain Will Make Citizens Quarantine at Hotels at Their Own Expense,"The move, which comes as Britain is swamped by a fast-spreading variant of the coronavirus, will require British citizens arriving from 22 high-risk countries to quarantine for 10 days.",By Mark Landler and Stephen Castle,The New York Times,2021-01-27T19:43:12+0000,https://www.nytimes.com/2021/01/27/world/europe/britain-travel-quarantine-hotels.html,"""Johnson & Johnson"" OR ""Johnson and Johnson"""
"Who Needs Big Brands When You Have Ella Emhoff, Bowen Yang and an Actual Beating Heart?","New York Fashion Week happened. There were few global names, but still lots to look at.",By Vanessa Friedman,The New York Times,2021-02-19T10:00:22+0000,https://www.nytimes.com/2021/02/19/style/new-york-fashion-week-proenza-schouler-ella-emhoff.html,"""Johnson & Johnson"" OR ""Johnson and Johnson"""
Could Brexit Destroy British Fashion?,"Already pushed to the breaking point by the pandemic, designers, manufacturers and retailers claim the newly-negotiated Brexit deal is a disaster.",By Elizabeth Paton,The New York Times,2021-02-19T06:00:10+0000,https://www.nytimes.com/2021/02/19/fashion/brexit-british-fashion.html,"""Johnson & Johnson"" OR ""Johnson and Johnson"""
Biden�s Plan to Link Arms With Europe Against Russia and China Isn�t So Simple,"The new president�s vow to restore the trans-Atlantic alliance is welcome, but Europeans want a more balanced relationship, with more dialogue and less diktat.",By Michael Crowley and Steven Erlanger,The New York Times,2021-02-18T17:00:02+0000,https://www.nytimes.com/2021/02/18/us/politics/biden-europe-russia-china.html,"""Johnson & Johnson"" OR ""Johnson and Johnson"""
Your Tuesday Briefing,New hotel quarantines in Britain.,By Natasha Frost,The New York Times,2021-02-16T03:27:44+0000,https://www.nytimes.com/2021/02/15/briefing/hotel-quarantine-coronavirus-myanmar.html,"""Johnson & Johnson"" OR ""Johnson and Johnson"""
53 Tons of Rotting Pork and Other Brexit Nightmares,"With Britain out of the European Union, companies that trade with the continent are contending with expensive disruptions to their businesses and a plunge in exports.","By Peter S. Goodman, Stephen Castle and Eshe Nelson",The New York Times,2021-02-12T18:09:33+0000,https://www.nytimes.com/2021/02/12/world/europe/brexit-britain-trade.html,"""Johnson & Johnson"" OR ""Johnson and Johnson"""
"Covid Vaccines for Kids Are Coming, but Not for Many Months",Pfizer and Moderna are testing their vaccines on children 12 and older and hope to have results by the summer.,By Apoorva Mandavilli,The New York Times,2021-02-12T10:00:21+0000,https://www.nytimes.com/2021/02/12/health/covid-vaccines-children.html,"""Johnson & Johnson"" OR ""Johnson and Johnson"""
"Once Overlooked, Black Abstract Painters Are Finally Given Their Due","In the 1960s, abstract painting was a controversial style for Black artists, overshadowed by social realist works. Now, it�s claimed its place as a vital form of expression.",By Megan O'Grady,The New York Times,2021-02-12T16:27:54+0000,https://www.nytimes.com/2021/02/12/t-magazine/black-abstract-painters.html,"""Johnson & Johnson"" OR ""Johnson and Johnson"""
Christian Prophets Are on the Rise. What Happens When They�re Wrong?,"They are stars within one of the fastest-growing corners of American Christianity. Now, their movement is in crisis.",By Ruth Graham,The New York Times,2021-02-11T15:22:40+0000,https://www.nytimes.com/2021/02/11/us/christian-prophets-predictions.html,"""Johnson & Johnson"" OR ""Johnson and Johnson"""
Johnson & Johnson�s Vaccine Offers Strong Protection but Fuels Concern About Variants,"The vaccine�s efficacy rate dropped from 72 percent in the United States to just 57 percent in South Africa, where a highly contagious variant is driving most cases.","By Carl Zimmer, Noah Weiland and Sharon LaFraniere",The New York Times,2021-01-29T13:00:07+0000,https://www.nytimes.com/2021/01/29/health/covid-vaccine-johnson-and-johnson-variants.html,"""Johnson & Johnson"" OR ""Johnson and Johnson"""
How Past Impeachment Proceedings Unfolded,Donald Trump�s second impeachment trial started today. Only three presidents before him faced impeachment even once.,By Maggie Astor,The New York Times,2021-02-09T11:39:58+0000,https://www.nytimes.com/interactive/2021/02/09/us/politics/past-impeachments.html,"""Johnson & Johnson"" OR ""Johnson and Johnson"""
Never Forget the Names of These Republicans Attempting a Coup,This time they�ll fail. But their disloyalty to America is clear.,By Thomas L. Friedman,The New York Times,2021-01-06T00:00:09+0000,https://www.nytimes.com/2021/01/05/opinion/trump-republicans-election.html,"""Johnson & Johnson"" OR ""Johnson and Johnson"""
How Nine Covid-19 Vaccines Work,See how the leading vaccines train the immune system to fight the virus.,By Jonathan Corum and Carl Zimmer,The New York Times,2021-01-05T14:06:55+0000,https://www.nytimes.com/interactive/2021/health/how-covid-19-vaccines-work.html,"""Johnson & Johnson"" OR ""Johnson and Johnson"""
It�s Back to Lockdown for Britain as Cases Soar,Prime Minister Boris Johnson addressing Britons on Monday.,By The Associated Press,The New York Times,2021-01-04T21:07:13+0000,https://www.nytimes.com/video/world/europe/100000007532948/boris-united-kingdom-coronvirus-variant-shutdown.html,"""Johnson & Johnson"" OR ""Johnson and Johnson"""
Top Prospects Take an Unconventional Path to the World Juniors,"The ice hockey tournament has featured the first N.C.A.A. players on Team Russia, a Canadian who went to an unheralded prep school and four Californians who benefited from a 1990s hockey boom.",By Carol Schram,The New York Times,2021-01-04T23:30:36+0000,https://www.nytimes.com/2021/01/04/sports/hockey/hockey-world-junior-championship-finals.html,"""Johnson & Johnson"" OR ""Johnson and Johnson"""
Britain Re-enters Sweeping Lockdown as Virus Variant Rages,"Prime Minister Boris Johnson closed schools and declared a national lockdown in England, following on the heels of Scotland.",By Stephen Castle and Mark Landler,The New York Times,2021-01-04T18:16:56+0000,https://www.nytimes.com/2021/01/04/world/europe/uk-lockdown.html,"""Johnson & Johnson"" OR ""Johnson and Johnson"""
"Adam Gase, Hired to Spark Jets� Offense, Is Out After Two Seasons","Gase sputtered to a 9-23 record in a tenure during which star players left disgruntled and the franchise quarterback, Sam Darnold, went underdeveloped.",By Ben Shpigel,The New York Times,2021-01-04T02:13:45+0000,https://www.nytimes.com/2021/01/03/sports/football/jets-fire-adam-gase.html,"""Johnson & Johnson"" OR ""Johnson and Johnson"""
Boris Johnson Delivered on Brexit. It May Not Soothe His Unruly Party.,"Conservatives are united for now over the British prime minister�s trade deal, but as details emerge, he could face challenges from hard-liners and business groups.",By Stephen Castle,The New York Times,2020-12-25T14:53:35+0000,https://www.nytimes.com/2020/12/25/world/europe/brexit-uk-tories.html,"""Johnson & Johnson"" OR ""Johnson and Johnson"""
"U.K. Approves Oxford-AstraZeneca Vaccine, and Tightens Lockdown","Prime Minister Boris Johnson lauded Britain�s approval of the Oxford-AstraZeneca coronavirus vaccine, and said spiking cases will push more of the country into tighter lockdown restrictions starting Thursday.",By Reuters,Reuters,2020-12-30T19:24:43+0000,https://www.nytimes.com/video/world/europe/100000007526870/johnson-oxford-astrazeneca-vaccine.html,"""Johnson & Johnson"" OR ""Johnson and Johnson"""
U.K. Virus Surge Surpasses Spring Peak as Lockdown Choices Loom,"Facing record case and hospital numbers and a threatening variant strain, Prime Minister Boris Johnson is under pressure to shut schools and reimpose national restrictions, measures he once decried.",By Marc Santora and Anna Schaverien,The New York Times,2020-12-29T16:06:44+0000,https://www.nytimes.com/2020/12/29/world/europe/uk-coronavirus.html,"""Johnson & Johnson"" OR ""Johnson and Johnson"""
How the Johnson & Johnson Vaccine Works,An adenovirus helps prime the immune system to fight the coronavirus.,By Jonathan Corum and Carl Zimmer,The New York Times,2020-12-18T20:33:49+0000,https://www.nytimes.com/interactive/2020/health/johnson-johnson-covid-19-vaccine.html,"""Johnson & Johnson"" OR ""Johnson and Johnson"""
"Brinkmanship or Bluster? On Brexit and Pandemic, Boris Johnson Leaves It Late",Critics say the British prime minister�s penchant for last-minute decisions has complicated the handling of the coronavirus and narrowed the window for scrutiny of any trade deal with the E.U.,By Mark Landler and Stephen Castle,The New York Times,2020-12-20T17:19:01+0000,https://www.nytimes.com/2020/12/20/world/europe/brexit-talks-coronavirus.html,"""Johnson & Johnson"" OR ""Johnson and Johnson"""
"The Brexit Fight, Through a Reporter�s Prism of a Changed Continent","Alan Cowell, a longtime New York Times correspondent, recalls a different Europe, one of currency controls, cumbersome paperwork and burdensome cross-border regulations.",By Alan Cowell,The New York Times,2020-12-26T09:51:24+0000,https://www.nytimes.com/2020/12/26/international-home/brexit-europe-history.html,"""Johnson & Johnson"" OR ""Johnson and Johnson"""
Boris Johnson Orders New Lockdown in Sharp Reversal,"Days after saying it would be �inhuman� to end Britain�s plans to relax coronavirus restrictions over Christmas, Prime Minister Boris Johnson ordered a lockdown in parts of England.",By Reuters,Reuters,2020-12-19T17:47:03+0000,https://www.nytimes.com/video/world/europe/100000007512534/johnson-britain-lockdown-christmas.html,"""Johnson & Johnson"" OR ""Johnson and Johnson"""
Britain and E.U. Reach Long-Awaited Brexit Trade Deal,Britain and the European Union reached a landmark trade agreement on Brexit after 11 months of negotiations and just a week before a year-end deadline.,By The Associated Press and Reuters,The New York Times,2020-12-24T17:03:43+0000,https://www.nytimes.com/video/world/europe/100000007520248/brexit-deal.html,"""Johnson & Johnson"" OR ""Johnson and Johnson"""
Britain and E.U. Reach Landmark Deal on Brexit,"The trade agreement comes after months of negotiations, and still leaves critical details to be worked out.",By Mark Landler and Stephen Castle,The New York Times,2020-12-24T14:56:34+0000,https://www.nytimes.com/2020/12/24/world/europe/brexit-trade-deal-uk-eu.html,"""Johnson & Johnson"" OR ""Johnson and Johnson"""
"Brexit Is Finally Done, but It Already Seems Out of Date",The idea of an agile �Global Britain� was an effective sales pitch. But that was before President Trump and other populists began erecting barriers to trade.,By Mark Landler,The New York Times,2020-12-24T15:35:35+0000,https://www.nytimes.com/2020/12/24/world/europe/brexit-deal-boris-johnson.html,"""Johnson & Johnson"" OR ""Johnson and Johnson"""
"Britain Gets a Boost With a Brexit Trade Deal, but Challenges Loom","The free-trade pact would help both sides avoid tariffs, but Britain would still face economic costs from being outside the European Union.",By Eshe Nelson,The New York Times,2020-12-24T15:03:30+0000,https://www.nytimes.com/2020/12/24/business/Brexit-deal-british-pound.html,"""Johnson & Johnson"" OR ""Johnson and Johnson"""
Andrew Sullivan on the War Within Conservatism and Why It Matters to All of Us,Edmund Fawcett�s �Conservatism� is a sweeping history that reaches deep into the past but with startling relevance for the present.,By Andrew Sullivan,The New York Times,2020-12-24T10:00:03+0000,https://www.nytimes.com/2020/12/24/books/review/edmund-fawcett-conservatism.html,"""Johnson & Johnson"" OR ""Johnson and Johnson"""
Britain and E.U. Scramble to Reach Brexit Deal Before Christmas,"With a deadline closing in fast, negotiators were racing to strike a deal, with an agreement said to be imminent.",By Mark Landler,The New York Times,2020-12-24T00:43:15+0000,https://www.nytimes.com/2020/12/23/world/europe/brexit-deal-uk-european-union.html,"""Johnson & Johnson"" OR ""Johnson and Johnson"""
"Boris Johnson Tightens U.K. Lockdown, Citing Fast-Spreading Version of Virus","The variant is up to 70 percent more transmissible than earlier versions, officials said. People in southeast England, including London, were told to stay at home.",By Mark Landler and Stephen Castle,The New York Times,2020-12-19T16:35:43+0000,https://www.nytimes.com/2020/12/19/world/europe/coronavirus-uk-new-variant.html,"""Johnson & Johnson"" OR ""Johnson and Johnson"""
