"F.D.A. Clears Johnson & Johnson’s Shot, the Third Vaccine for U.S.",The authorization of a third Covid-19 vaccine will bring millions more doses within days. But health officials worry that some people will see the vaccine as the inferior choice.,By Noah Weiland and Sharon LaFraniere,The New York Times,2021-02-27T23:12:09+0000,https://www.nytimes.com/2021/02/27/health/covid-vaccine-johnson-and-johnson.html
New Findings on 2 Ways Children Become Seriously Ill From the Coronavirus,A large study found that young people hospitalized with acute Covid-19 have symptoms and characteristics that differ from those with a Covid-linked inflammatory syndrome.,By Pam Belluck,The New York Times,2021-02-24T21:32:35+0000,https://www.nytimes.com/2021/02/24/health/covid-kids-severe-inflammatory-syndrome.html
"On the Post-Pandemic Horizon, Could That Be … a Boom?","Signs of economic life are picking up, and mounds of cash are waiting to be spent as the virus loosens its grip.",By Ben Casselman,The New York Times,2021-02-21T20:00:08+0000,https://www.nytimes.com/2021/02/21/business/economy/pandemic-economic-boom.html
2.5 Million Women Left the Work Force During the Pandemic. Harris Sees a ‘National Emergency.’,"“In one year,” Vice President Kamala Harris said, “the pandemic has put decades of the progress we have collectively made for women workers at risk.”",By Katie Rogers,The New York Times,2021-02-18T22:50:57+0000,https://www.nytimes.com/2021/02/18/us/politics/women-pandemic-harris.html
"Covid Vaccines for Kids Are Coming, but Not for Many Months",Pfizer and Moderna are testing their vaccines on children 12 and older and hope to have results by the summer.,By Apoorva Mandavilli,The New York Times,2021-02-12T10:00:21+0000,https://www.nytimes.com/2021/02/12/health/covid-vaccines-children.html
A W.H.O. Researcher on His Trip to China Seeking Origins of the Virus,"An interview with Peter Daszak, an animal disease specialist, just after his return from an investigative research mission to Wuhan, the site of the original Covid outbreak, and surrounding areas.",By James Gorman,The New York Times,2021-02-14T10:00:11+0000,https://www.nytimes.com/2021/02/14/health/WHO-covid-daszak-china-virus.html
"Colleges Vowed a Safer Spring. Then Students, and Variants, Arrived.","Many universities instituted new testing protocols, hoping to avoid the problems of the fall. But coronavirus variants and uncooperative students have already driven outbreaks.",By Stephanie Saul and Shawn Hubler,The New York Times,2021-02-09T10:00:18+0000,https://www.nytimes.com/2021/02/09/us/colleges-covid.html
China Scores a Public Relations Win After W.H.O. Mission to Wuhan,"Experts with the global health agency endorsed critical parts of Beijing’s narrative, even some parts that independent scientists question.",By Javier C. Hernández,The New York Times,2021-02-09T11:25:58+0000,https://www.nytimes.com/2021/02/09/world/asia/wuhan-china-who-covid.html
France’s Latest Covid Measure: Letting Workers Eat at Their Desks,The coronavirus pandemic has already upended eating habits in a country where the table is a sacred space. Now it is taking its toll on a symbol of work-life balance.,By Roger Cohen,The New York Times,2021-02-07T16:26:39+0000,https://www.nytimes.com/2021/02/07/world/europe/france-desk-lunch-covid.html
Johnson & Johnson’s Vaccine Offers Strong Protection but Fuels Concern About Variants,"The vaccine’s efficacy rate dropped from 72 percent in the United States to just 57 percent in South Africa, where a highly contagious variant is driving most cases.","By Carl Zimmer, Noah Weiland and Sharon LaFraniere",The New York Times,2021-01-29T13:00:07+0000,https://www.nytimes.com/2021/01/29/health/covid-vaccine-johnson-and-johnson-variants.html
These New Yorkers Are Signing Up Their Neighbors for the Vaccine,New Yorkers living in public housing have struggled to get vaccinated. We spent time with some of them as they volunteered with a program focusing on door-to-door outreach.,By James Estrin,The New York Times,2021-02-08T14:43:09+0000,https://www.nytimes.com/interactive/2021/02/08/nyregion/covid-vaccine-public-housing.html
Virus Variant First Found in Britain Now Spreading Rapidly in U.S.,A new study bolsters the prediction by the Centers for Disease Control and Prevention that the so-called B.1.1.7 variant will dominate Covid-19 cases by March.,By Carl Zimmer,The New York Times,2021-02-07T16:01:48+0000,https://www.nytimes.com/2021/02/07/health/coronavirus-variant-us-spread.html
See Covid-19 Exposure Risk in Your County and a Guide for Daily Life Near You,"See the risk of exposure to the disease in your county, and read our county-specific guidance for common activities to help you lower your risk and protect your community.","By Eleanor Lutz, Aliza Aufrichtig, Charlie Smart, Albert Sun, Rich Harris and Gabriel Gianordoli",The New York Times,2021-01-27T04:18:34+0000,https://www.nytimes.com/interactive/2021/us/covid-risk-map.html
China Wanted to Show Off Its Vaccines. It’s Backfiring.,"Delays, inconsistent data, spotty disclosures and the country’s attacks on Western rivals have marred its ambitious effort to portray itself as a leader in global health.",By Sui-Lee Wee,The New York Times,2021-01-25T08:00:10+0000,https://www.nytimes.com/2021/01/25/business/china-covid-19-vaccine-backlash.html
Inside a Nursing Home as Vaccine Arrives: ‘I Hope Everybody Takes It’,"At a Staten Island facility that was hit hard by the coronavirus, residents and staff members lined up to get a dose of the Covid vaccine. Here’s how the day went.",By Christopher Occhicone and David Gonzalez,The New York Times,2021-01-17T10:00:18+0000,https://www.nytimes.com/2021/01/17/nyregion/covid-vaccine-nyc-nursing-home.html
Frustrations Boil at Pace of Vaccinations at Long-Term Care Facilities,The Trump administration raised hopes of a speedy process for nursing homes and assisted living facilities. Patience is wearing thin.,By Rebecca Robbins,The New York Times,2021-01-16T10:00:12+0000,https://www.nytimes.com/2021/01/16/business/covid-vaccine-nursing-homes.html
Two Members of W.H.O. Team on Trail of Virus Are Denied Entry to China,Beijing has repeatedly impeded the global inquiry into the emergence of the coronavirus. Two scientists on the team remained in Singapore after testing positive for antibodies.,By Javier C. Hernández,The New York Times,2021-01-14T04:31:49+0000,https://www.nytimes.com/2021/01/13/world/asia/china-who-wuhan-covid.html
Disappointing Chinese Vaccine Results Pose Setback for Developing World,"Brazil says CoronaVac has an efficacy rate just over 50 percent, much lower than previously announced. More than 380 million doses have already been ordered.",By Sui-Lee Wee and Ernesto Londoño,The New York Times,2021-01-13T10:24:59+0000,https://www.nytimes.com/2021/01/13/business/chinese-vaccine-brazil-sinovac.html
Jobs Recovery Goes Into Reverse as Pandemic Takes a New Toll,"U.S. employment fell by 140,000 in December as virus cases surged. Leisure and hospitality businesses were hit hard, but some industries showed growth.",By Ben Casselman,The New York Times,2021-01-08T23:14:27+0000,https://www.nytimes.com/2021/01/08/business/economy/december-2020-jobs-report.html
Early Vaccine Doubters Now Show a Willingness to Roll Up Their Sleeves,"Polls show that pervasive skepticism is melting, partly because of the high efficacy rates in trials and the images of real people getting the shot.",By Jan Hoffman,The New York Times,2020-12-26T14:08:48+0000,https://www.nytimes.com/2020/12/26/health/covid-vaccine-hesitancy.html
Australia Begins Covid-19 Vaccination Campaign,"Australia began vaccinating its population against Covid-19 on Sunday. Jane Malysiak, 84, a resident of a nursing home in Sydney, and Prime Minister Scott Morrison were among the first to receive a vaccine.",By Reuters,Reuters,2021-02-21T16:35:37+0000,https://www.nytimes.com/video/world/australia/100000007616548/australia-coronavirus-vaccinations.html
White House Announces Increase in Covid-19 Vaccine Distribution,"On Tuesday, the White House press secretary Jen Psaki announced that federal vaccine distribution would increase. Ms. Psaki also said that President Biden would visit Texas to survey a vaccine site impacted by the recent winter storm.",By Associated Press,AP,2021-02-23T20:14:26+0000,https://www.nytimes.com/video/us/politics/100000007620317/covid-vaccine-increase.html
Johnson & Johnson Begins Covid-19 Vaccine Distribution,Johnson & Johnson said it would start shipping millions of doses early this week after the Food and Drug Administration granted emergency use authorization for its vaccine on Saturday.,By The Associated Press,The New York Times,2021-03-01T17:57:38+0000,https://www.nytimes.com/video/us/100000007630214/johnson-johnson-coronavirus-vaccine.html
What to Know About California’s Covid-19 Relief,Monday: Information about who’s eligible for state pandemic aid and how to get it. Also: The Golden Globes.,By Priya Arora and Jill Cowan,The New York Times,2021-03-01T13:55:41+0000,https://www.nytimes.com/2021/03/01/us/california-covid-19-relief.html
See How Covid-19 Has Tested the Limits of Hospitals and Staff,"Throughout the past year, the long stays and close monitoring required to care for Covid-19 patients have presented an uphill battle for medical workers.","By John Keefe, Yuliya Parshina-Kottas and Sheri Fink",The New York Times,2021-02-23T10:00:02+0000,https://www.nytimes.com/interactive/2021/02/23/us/covid-hospital-icu.html
Helping People Find Covid-19 Vaccines Is Aim of C.D.C.-Backed Site,VaccineFinder.org is an ambitious but limited attempt to simplify Americans’ search for vaccines.,By Rebecca Robbins and Sheryl Gay Stolberg,The New York Times,2021-02-25T00:38:49+0000,https://www.nytimes.com/2021/02/24/business/vaccine-finder-org.html
Meet the key members of Biden’s Covid-19 response team.,Read more about the plans by top officials to move toward something resembling normalcy.,By Karen Zraick,The New York Times,2021-02-24T10:00:18+0000,https://www.nytimes.com/2021/02/24/us/bidens-covid-19-response-team.html
"New Covid-19 Infections Have Fallen to Half in Europe, W.H.O. Says",Heightened restrictions on social interaction have caused the rates of Covid-19 cases to fall in Europe. But the World Health Organization cautioned that new cases were still 10 times as high as they were last May.,By The Associated Press,The New York Times,2021-02-25T20:17:16+0000,https://www.nytimes.com/video/world/europe/100000007624444/who-coronavirus-europe.html
Watch Live: Biden Delivers Remarks on Lives Lost to Covid-19,"On Monday, President Biden honors the lives lost to Covid-19 as the United States nears 500,000 deaths, followed by a candle-lighting ceremony.",By The Associated Press,The New York Times,2021-02-22T22:30:38+0000,https://www.nytimes.com/video/us/politics/100000007617869/biden-covid-deaths.html
Should I Get a Covid-19 Vaccine When Others Need It More?,The magazine’s Ethicist columnist on what should determine eligibility for the Covid-19 vaccine and more.,By Kwame Anthony Appiah,The New York Times,2021-02-23T10:00:07+0000,https://www.nytimes.com/2021/02/23/magazine/should-i-get-a-covid-19-vaccine-when-others-need-it-more.html
A Dismal Spring Awaits Unless We Slow the Spread of Covid-19,How soon life returns to normal depends on what we do now.,"By Ezekiel J. Emanuel, Rick Bright and Céline Gounder",The New York Times,2021-02-17T10:00:15+0000,https://www.nytimes.com/2021/02/17/opinion/covid-19-precautions.html
Covid-19 Is ‘Probably Going to End My Career’,"Being a nurse was already hard. But in the pandemic, it’s become almost impossible.",By Theresa Brown,The New York Times,2021-02-25T10:00:15+0000,https://www.nytimes.com/2021/02/25/opinion/nursing-crisis-coronavirus.html
"Ohio Finds 4,000 Unreported Covid-19 Deaths","Ohio officials said on Thursday they discovered about 4,000 overlooked Covid-19 deaths that occurred over the past several months after the state’s Health Department said the deaths had not been properly merged between the internal death certificate database and the federal database.",By The Associated Press,The New York Times,2021-02-12T19:49:39+0000,https://www.nytimes.com/video/us/politics/100000007602573/mike-dewine-ohio-coronavirus-deaths.html
Trump Was Sicker Than Acknowledged With Covid-19,"When he was hospitalized with the coronavirus in October, his blood oxygen levels had plunged and officials feared he was on the verge of being placed on a ventilator.","By Noah Weiland, Maggie Haberman, Mark Mazzetti and Annie Karni",The New York Times,2021-02-11T20:50:25+0000,https://www.nytimes.com/2021/02/11/us/politics/trump-coronavirus.html
"The Biden administration buys 100,000 doses of a combination antibody treatment for high-risk Covid-19 patients.","The government will pay $210 million for the doses, which Eli Lilly will ship by the end of March.",By Rebecca Robbins,The New York Times,2021-02-26T16:50:01+0000,https://www.nytimes.com/2021/02/26/world/bamlanivimab-etesevimab-eli-lilly-monoclonal-antibodies.html
Three Men Are Accused in Scheme to Sell Covid-19 Vaccines,"Prosecutors said the men created a fake duplicate of the Moderna website to fraudulently sell doses of the vaccine, which they never had.",By Concepción de León,The New York Times,2021-02-12T22:09:48+0000,https://www.nytimes.com/2021/02/12/us/baltimore-covid-vaccine-fraud.html
Technology Executive Apologizes After Dozens of Event Attendees Contract Covid-19,"Peter Diamandis thought extensive testing could help create an “immunity bubble” for a conference in Culver City, Calif. It didn’t work. “I hope others can learn from my mistakes,” he said.",By Jacey Fortin,The New York Times,2021-02-16T22:45:32+0000,https://www.nytimes.com/2021/02/16/us/peter-diamandis-covid-ca.html
California has now lost more people to Covid-19 than any other state in the U.S.,A bleak reminder that the recent progress the state has made against the pandemic may be fragile.,By Jill Cowan,The New York Times,2021-02-25T01:33:34+0000,https://www.nytimes.com/2021/02/24/world/california-50000-covid-deaths.html
"As Brazil faces record Covid-19 deaths, a variant-fueled surge and lagging vaccinations, Bolsonaro disparages masks.","The president says that the pandemic precaution can lead to headaches, difficulty concentrating and a “decreased perception of happiness.”",By Ernesto Londoño,The New York Times,2021-02-26T15:36:22+0000,https://www.nytimes.com/2021/02/26/world/Bolsonaro-face-masks.html
"One Pfizer dose offers robust protection for those who have had Covid-19, studies find.",Two new pieces of research add strong evidence to the case for giving just a single dose of the Pfizer vaccine to people who have antibodies against the virus.,By Benjamin Mueller,The New York Times,2021-02-26T10:02:40+0000,https://www.nytimes.com/2021/02/26/world/pfizer-vaccine-protection.html
Another antibody therapy is authorized for high-risk Covid-19 patients.,Researchers hope Eli Lilly’s new combination therapy will be better able to fight virus variants than a similar treatment already in use.,By Rebecca Robbins,The New York Times,2021-02-10T03:21:10+0000,https://www.nytimes.com/2021/02/09/world/covid-coronavirus-lilly-antibody-treatment.html
The televangelist Frederick K.C. Price has died at 89 of complications from Covid-19.,"Frederick K.C. Price, who founded a megachurch and televangelism broadcast that made him a popular voice for Black Christians, died on Friday evening of complications from Covid-19, a spokeswoman for the family said. He was 89.",By Bryan Pietsch,The New York Times,2021-02-13T23:10:42+0000,https://www.nytimes.com/2021/02/13/world/covid-frederick-kc-price.html
Opera Singers Help Covid-19 Patients Learn to Breathe Again,A six-week program developed by the English National Opera and a London hospital offers customized vocal lessons to aid coronavirus recovery.,By Andrew Dickson,The New York Times,2021-02-16T15:26:18+0000,https://www.nytimes.com/2021/02/16/arts/music/opera-singers-covid-19-treatment-eno-breathe.html
‘What’s the Point?’ Young People’s Despair Deepens as Covid-19 Crisis Drags On,Experts paint a grim picture of the struggle with lockdown isolation — a “mental health pandemic” that should be treated as seriously as containing the coronavirus.,By Isabella Kwai and Elian Peltier,The New York Times,2021-02-14T16:01:57+0000,https://www.nytimes.com/2021/02/14/world/europe/youth-mental-health-covid.html
"For This College Athlete, Covid-19 Was Just the Start of a Nightmare","After learning she had myocarditis, an inflammation of the heart that has been linked to some Covid cases, Vanderbilt basketball player Demi Washington spent months hoping she could play again someday.",By Kurt Streeter,The New York Times,2021-02-12T10:00:17+0000,https://www.nytimes.com/2021/02/12/sports/ncaabasketball/college-sports-myocarditis.html
N.Y. Restaurant Fires Waitress Who Wouldn’t Get Covid-19 Vaccine,"Bonnie Jacobson, 34, said she was not necessarily opposed to getting vaccinated, but wanted to study the potential effect on fertility first.",By Matthew Haag,The New York Times,2021-02-17T22:51:49+0000,https://www.nytimes.com/2021/02/17/nyregion/waitress-fired-covid-19-vaccine-refusal.html
The Newest Diplomatic Currency: Covid-19 Vaccines,"India, China, the U.A.E. and others dole out donations in countries where they seek sway. In some cases, they are sending doses despite pressing needs at home.",By Mujib Mashal and Vivian Yee,The New York Times,2021-02-11T10:00:20+0000,https://www.nytimes.com/2021/02/11/world/asia/vaccine-diplomacy-india-china.html
"New York Sues Amazon, Saying It Inadequately Protected Workers From Covid-19",The case focuses on two of the company’s facilities in New York.,By Karen Weise,The New York Times,2021-02-17T02:57:44+0000,https://www.nytimes.com/2021/02/16/technology/amazon-new-york-lawsuit-covid.html
Amazon Sues New York Attorney General to Block Covid-19 Charges,"The company said the attorney general, Letitia James, had overstepped her authority in investigating workplace safety.",By Karen Weise,The New York Times,2021-02-12T18:58:11+0000,https://www.nytimes.com/2021/02/12/technology/amazon-letitia-james-coronavirus.html
What the World Can Learn About Covid-19 From the Seahawks and Browns,The N.F.L. rolled out a grand experiment to play a not-at-all socially distanced sport in a pandemic. The Times went behind the scenes with the Seattle Seahawks and the Cleveland Browns to understand how the science and the upheaval played out.,"By Robin Stein, Danielle Miller and Ken Belson",The New York Times,2021-02-05T10:13:06+0000,https://www.nytimes.com/video/sports/100000007560854/nfl-2020-season-covid.html
Mapping Los Angeles’s Unequal Covid-19 Surge,"Monday: A New York Times interactive map shows the uneven toll of the virus, neighborhood by neighborhood, on the nation’s most populous county.",By Jill Cowan,The New York Times,2021-02-01T13:54:08+0000,https://www.nytimes.com/2021/02/01/us/los-angeles-covid-19.html
What the World Can Learn About Covid-19 From the Seahawks and Browns,The N.F.L. rolled out a grand experiment to play a not-at-all socially distanced sport in a pandemic. The Times went behind the scenes with the Seattle Seahawks and the Cleveland Browns to understand how the science and the upheaval played out.,"By Robin Stein, Danielle Miller and Ken Belson",The New York Times,2021-02-05T10:13:06+0000,https://www.nytimes.com/video/sports/100000007560854/nfl-2020-season-covid.html
A French Nun Turns 117 After Knocking Down Covid-19,"Sister André was expected to celebrate her victory against the virus and her birthday on Thursday with a feast, and a glass of Champagne.",By Elian Peltier,The New York Times,2021-02-10T18:04:48+0000,https://www.nytimes.com/2021/02/10/world/europe/sister-andre-covid19.html
"Because of Covid-19, Even Getting to the Australian Open Is a Battle","Players not only must be quarantined upon arrival, but then they are mostly confined to their rooms.",By Cindy Shmerler,International New York Times,2021-02-06T23:44:45+0000,https://www.nytimes.com/2021/02/06/sports/tennis/australian-open-covid-tournament.html
See How the Vaccine Rollout Is Going in Your County and State,"See where doses have gone, and who is eligible for a shot in each state.",By The New York Times,The New York Times,2020-12-17T02:50:39+0000,https://www.nytimes.com/interactive/2020/us/covid-19-vaccine-doses.html
"Lawmaker Promoted Stem Cell Therapy for Covid-19 in Fraud Scheme, U.S. Says","Tricia Derges, a Republican state representative in Missouri, falsely claimed to patients at her medical clinic that she was injecting them with stem cells, prosecutors said.",By Neil Vigdor,The New York Times,2021-02-04T01:59:46+0000,https://www.nytimes.com/2021/02/03/us/Tricia-Derges-fake-stem-cell-cure-covid.html
Share Your Memories of Someone You Lost to Covid-19,"We want to hear from those who have lost a teacher, a brother, a bandmate or any of the other more than 430,000 Americans who have died in the pandemic.",By The New York Times,The New York Times,2021-01-30T00:20:47+0000,https://www.nytimes.com/2021/01/29/us/covid19-deaths-memory-grief.html
White House Covid-19 Team Warns of Virus Variants,Members of President Biden’s coronavirus response team said they are increasing surveillance of potentially dangerous Covid-19 mutations.,By Reuters,Reuters,2021-01-27T19:44:08+0000,https://www.nytimes.com/video/us/politics/100000007573563/white-house-coronavirus-briefing.html
How Full Are Hospital I.C.U.s Near You?,"See how many Covid-19 patients are being treated, and how many I.C.U. beds remain available, at individual U.S. hospitals.","By Matthew Conlen, John Keefe, Lauren Leatherby and Charlie Smart",The New York Times,2020-12-15T16:33:01+0000,https://www.nytimes.com/interactive/2020/us/covid-hospitals-near-you.html
Answers to All Your Questions About Getting Vaccinated for Covid-19,"Times reporters answered questions from readers about getting the vaccine, what to expect and what happens next.",By The New York Times,The New York Times,2021-01-27T23:27:22+0000,https://www.nytimes.com/interactive/2021/well/covid-vaccine-questions.html
"Never mind the skeptics, officials say: Hank Aaron’s death had nothing to do with the Covid-19 vaccine.","Anti-vaccine activists, including Robert F. Kennedy Jr., are seizing on the baseball legend’s death to suggest — without evidence — that there might be a link to his Covid vaccination.",By Rick Rojas and Denise Grady,The New York Times,2021-01-31T19:45:53+0000,https://www.nytimes.com/2021/01/31/us/hank-aaron-death-covid-vaccine.html
Watch Live: Biden Delivers Remarks on the Fight Against Covid-19,President Biden addresses the fight against the coronavirus pandemic from the White House.,By The New York Times,The New York Times,2021-01-26T21:15:08+0000,https://www.nytimes.com/video/us/elections/100000007571805/watch-live-biden-covid-briefing.html
Is It OK to Enroll in a Covid-19 Vaccine Trial If I Might Drop Out?,The magazine’s Ethicist columnist on the importance of control groups and elderly parents’ risky behavior.,By Kwame Anthony Appiah,The New York Times,2021-01-26T10:00:02+0000,https://www.nytimes.com/2021/01/26/magazine/is-it-ok-to-enroll-in-a-covid-19-vaccine-trial-if-i-might-drop-out.html
"A Covid Vaccine Side Effect, Enlarged Lymph Nodes, Can Be Mistaken for Cancer",The condition is becoming more common as immunization rates increase. Experts are suggesting ways to ease patients’ fears and avoid needless testing.,By Denise Grady,The New York Times,2021-03-01T20:14:58+0000,https://www.nytimes.com/2021/03/01/health/covid-vaccine-lymph-nodes.html
‘It’s Numbing’: Nine Retired Nuns in Michigan Die of Covid-19,"The deaths add to what is becoming a familiar trend in the spread of the virus as it devastates religious congregate communities by infecting retired, aging populations of nuns and sisters.",By Christine Hauser and Concepción de León,The New York Times,2021-01-29T22:48:07+0000,https://www.nytimes.com/2021/01/29/us/nuns-covid-deaths.html
What Can Covid-19 Teach Us About the Mysteries of Smell?,The virus’s strangest symptom has opened new doors to understanding our most neglected sense.,By Brooke Jarvis,The New York Times,2021-01-28T10:00:05+0000,https://www.nytimes.com/2021/01/28/magazine/covid-smell-science.html
"Weekly Health Quiz: Diet, Weight and Covid",Test your knowledge of this week’s health news.,By Toby Bilanow,The New York Times,2021-02-26T10:00:03+0000,https://www.nytimes.com/interactive/2021/02/26/well/live/26healthquiz-02262021.html
People of Color Face the Most Pandemic Housing Insecurity,Census Bureau data show how households have struggled to stay current on rent and mortgage payments during the pandemic.,By Michael Kolomatsky,The New York Times,2021-01-28T14:00:09+0000,https://www.nytimes.com/2021/01/28/realestate/people-of-color-rent-mortgage-pandemic.html
"Germans Clamor for Covid Vaccines, but Shun AstraZeneca’s Offering",Hundreds of thousands of AstraZeneca doses are sitting unopened as many Germans reject the vaccine over fears it is “second-class” compared to the one developed by BioNTech and Pfizer.,By Melissa Eddy,The New York Times,2021-02-25T20:41:08+0000,https://www.nytimes.com/2021/02/25/world/europe/germany-coronavirus-vaccines-astrazeneca.html
How the Search for Covid-19 Treatments Faltered While Vaccines Sped Ahead,Vaccine development exceeded everyone’s expectations. But the next few months will still bring many sick people — and doctors have woefully few drugs with which to treat them.,By Carl Zimmer,The New York Times,2021-01-30T10:00:17+0000,https://www.nytimes.com/2021/01/30/health/covid-drugs-antivirals.html
Landlords Eager for Covid-Era Revamps Are Finding Hungry Investors,The growing attraction of short-term real estate loans during the pandemic is making it easier to borrow to refurbish properties.,By Matt Phillips,The New York Times,2021-02-25T16:45:31+0000,https://www.nytimes.com/2021/02/25/business/real-estate-refurbish-coronavirus.html
"When Covid Hit Nursing Homes, Part 2: ‘They’re Not Giving Us an Ending’","In the final part of our exploration of what happened in New York’s nursing homes, we ask: How did the decisions made by Gov. Andrew Cuomo contribute to the crisis?",,The New York Times,2021-02-24T11:00:07+0000,https://www.nytimes.com/2021/02/24/podcasts/the-daily/nursing-homes-coronavirus-andrew-cuomo-new-york.html
"Entering uncharted territory, the U.S. counts 500,000 Covid-related deaths.","In a single year, Covid-19 became a leading cause of death in the United States, rivaling heart disease and cancer, and has driven life expectancy down sharply. ","By Lucy Tompkins, Mitch Smith, Julie Bosman and Bryan Pietsch",The New York Times,2021-02-23T00:08:41+0000,https://www.nytimes.com/2021/02/22/us/us-covid-deaths-half-a-million.html
At-Home Coronavirus Testing Is Here,But does it work?,By Wudan Yan,The New York Times,2021-02-26T17:44:09+0000,https://www.nytimes.com/2021/02/26/well/live/at-home-covid-testing.html
Vulnerable Inmates Left in Prison as Covid Rages,"At a federal compound in Connecticut, inmates in precarious health “are like sitting ducks,” one lawyer said.",By Roni Caryn Rabin,The New York Times,2021-02-27T17:57:19+0000,https://www.nytimes.com/2021/02/27/health/coronavirus-prisons-danbury.html
Behind the Lines of Britain’s Covid War,"The government has laid out plans for gradual reopening. But in cramped intensive care wards, teeming with patients and doctors near despair, the battle is unrelenting.",By Andrew Testa and Alan Cowell,The New York Times,2021-03-01T05:07:17+0000,https://www.nytimes.com/interactive/2021/03/01/world/europe/uk-covid-pandemic.html
"C.D.C. Traces Covid Outbreaks in Gyms, Urging Stricter Precautions","Coronavirus cases at fitness centers in Chicago and Honolulu were linked to carelessness about masks and symptoms, federal health officials found.",By Roni Caryn Rabin,The New York Times,2021-02-24T22:46:37+0000,https://www.nytimes.com/2021/02/24/health/coronavirus-gyms-outbreaks.html
"One Case, Total Lockdown: Australia’s Lessons for a Pandemic World","The country’s short, sharp responses have repeatedly subdued the virus and allowed a return to near normalcy. Now its model is being applied to Perth, its fourth-largest city.",By Damien Cave,The New York Times,2021-02-01T09:51:32+0000,https://www.nytimes.com/2021/02/01/world/australia/perth-lockdown.html
The Covid Emergency Must End,We might be able to achieve normalcy by summer. Our leaders should embrace the possibility.,By Ross Douthat,The New York Times,2021-02-23T10:00:12+0000,https://www.nytimes.com/2021/02/23/opinion/covid-emergency-biden-fauci.html
Has China Done Too Well Against Covid-19?,The country doesn’t care enough about vaccination because of a false sense of security.,By Yanzhong Huang,The New York Times,2021-01-24T16:00:12+0000,https://www.nytimes.com/2021/01/24/opinion/china-covid-vaccine.html
"When Covid Hit Nursing Homes, Part 1: ‘My Mother Died Alone’","In the first of two episodes on what went wrong in New York’s nursing homes, we look at the crisis through the eyes of a bereaved daughter.",,The New York Times,2021-02-23T11:00:08+0000,https://www.nytimes.com/2021/02/23/podcasts/the-daily/coronavirus-nursing-homes.html
"Nursing Homes, Once Hotspots, Far Outpace U.S. in Covid Declines","New cases among residents of nursing homes have dropped more than 80 percent since vaccines became available, and deaths have decreased by more than 65 percent.","By Matthew Conlen, Sarah Mervosh and Danielle Ivory",The New York Times,2021-02-25T10:00:03+0000,https://www.nytimes.com/interactive/2021/02/25/us/nursing-home-covid-vaccine.html
Biden Marks Covid Milestone in Emotional White House Ceremony,"Speaking somberly and drawing on his own personal experience, President Biden sought not only to honor the dead, but also to comfort those who have lost loved ones.",By David E. Sanger and Sheryl Gay Stolberg,The New York Times,2021-02-23T01:50:56+0000,https://www.nytimes.com/2021/02/22/us/politics/biden-covid-milestone.html
D.C.’s Mayor Mourned Covid’s Unequal Toll. Her Sister Is the Latest Victim.,"As the number of coronavirus deaths in the city reached 1,000 this week, three-fourths of the dead were Black.",By Nicholas Bogel-Burroughs and Campbell Robertson,The New York Times,2021-02-26T00:47:28+0000,https://www.nytimes.com/2021/02/25/us/muriel-bowser-mercia-covid-washington.html
This 105-Year-Old Beat Covid. She Credits Gin-Soaked Raisins.,"Lucia DeClerck, the oldest resident of her New Jersey nursing home, tested positive for the virus on her 105th birthday, one day after her second vaccine shot.",By Tracey Tully,The New York Times,2021-02-23T10:00:15+0000,https://www.nytimes.com/2021/02/23/nyregion/new-jersey-lucia-declerck-covid.html
Which Vaccine Should You Get?,"When there are multiple shots of varying effectiveness, take whatever is available to you first.",By Bruce Y. Lee,The New York Times,2021-02-26T10:00:15+0000,https://www.nytimes.com/2021/02/26/opinion/us-covid-vaccines.html
Lessons From Los Angeles’s Deadly Winter,Monday: A Times reporter who spent days inside Martin Luther King Jr. Community Hospital at the height of the surge discusses what we should learn.,By Jill Cowan and Sheri Fink,The New York Times,2021-02-22T13:46:42+0000,https://www.nytimes.com/2021/02/22/us/los-angeles-covid.html
"Death, Through a Nurse’s Eyes",A short film offering a firsthand perspective of the brutality of the pandemic inside a Covid-19 I.C.U.,By Alexander Stockton and Lucy King,The New York Times,2021-02-24T09:50:02+0000,https://www.nytimes.com/video/opinion/100000007578176/covid-icu-nurses-arizona.html
Tyler Perry Gets Covid-19 Vaccine on TV to Reassure Black Skeptics,The Madea creator and studio head talks about the history of the medical and government establishment’s exploitation of Black people.,By Cara Buckley,The New York Times,2021-01-29T02:30:06+0000,https://www.nytimes.com/2021/01/28/arts/tyler-perry-covid-vaccine-skeptics.html
Biden administration officials tried to tamp down expectations for supplies of the Johnson & Johnson vaccine.,The committee’s approval echoed the Food and Drug Administration’s decision on Saturday to authorize the vaccine for emergency use.,By Sharon LaFraniere,The New York Times,2021-02-28T20:28:48+0000,https://www.nytimes.com/2021/02/28/world/cdc-johnson-and-johnson-vaccine.html
"Death, Through a Nurse’s Eyes",A short film offering a firsthand perspective of the brutality of the pandemic inside a Covid-19 I.C.U.,,The New York Times,2021-02-24T10:00:05+0000,https://www.nytimes.com/2021/02/24/opinion/covid-icu-nurses-arizona.html
Russians Escape North Korea on a Hand-Pushed Railcar,"Russia said some of its diplomats and their family members, including children, had used creative means to leave North Korea, which closed its borders over a year ago because of the pandemic.",By Ivan Nechepurenko and Mike Ives,The New York Times,2021-02-26T12:00:57+0000,https://www.nytimes.com/2021/02/26/world/europe/north-korea-russia-covid-railcar-trolley.html
"Can’t Get a Covid Vaccine? In This County, Everybody is Eligible",The rural area outside Phoenix is one of the first places in the U.S. to open vaccinations up to the general public. This is what success looks like.,By Simon Romero,The New York Times,2021-03-01T18:11:22+0000,https://www.nytimes.com/2021/03/01/us/coronavirus-vaccines-gila-arizona.html
State Lawmakers Defy Governors in a Covid-Era Battle for Power,"Legislators across the country, mostly Republicans, are moving to strip the powers of governors, many of them Democrats, who have taken on extraordinary authority to fight the pandemic.",By Trip Gabriel,The New York Times,2021-02-22T20:43:28+0000,https://www.nytimes.com/2021/02/22/us/politics/republicans-democrats-governors-covid.html
How the Pandemic Nearly Tore Israel Apart,Lockdowns brought tensions between secular and ultra-Orthodox communities to the boiling point. The political consequences could be felt for years to come.,By Ronen Bergman,The New York Times,2021-02-25T10:00:33+0000,https://www.nytimes.com/2021/02/25/magazine/how-the-pandemic-nearly-tore-israel-apart.html
Prime Minister Modi of India Is Vaccinated,"On Monday, Prime Minister Narendra Modi of India was vaccinated against the coronavirus. The country is beginning a large inoculation effort using the Oxford-AstraZeneca and the Covaxin vaccines.",By The Associated Press,AP,2021-03-01T14:15:34+0000,https://www.nytimes.com/video/world/asia/100000007629797/modi-vaccine-india.html
Boris Johnson Says Brazilian Coronavirus Variant Is Not a Threat,"A concerning variant of the coronavirus first detected in Brazil has surfaced in Britain, but Prime Minister Boris Johnson told citizens they have nothing to worry about.",By The Associated Press,AP,2021-03-01T14:11:27+0000,https://www.nytimes.com/video/world/europe/100000007629794/boris-johnson-brazil-coronavirus-variant.html
If Government Did Its Job We Might Not Need GoFundMe,"The crowdfunding platform helps people pay their rent and medical bills. Its chief executive, Tim Cadogan, says it was never meant to be a social safety net.",By Kara Swisher,The New York Times,2021-03-01T10:00:04+0000,https://www.nytimes.com/2021/03/01/opinion/sway-kara-swisher-tim-cadogan.html
House Passes $1.9 Trillion Coronavirus Relief Plan,The House’s near party-line vote of 219 to 212 on Saturday advances President Biden’s sweeping pandemic relief package to the Senate.,By The Associated Press and Reuters,The New York Times,2021-02-27T17:04:01+0000,https://www.nytimes.com/video/us/politics/100000007627440/house-passes-coronavirus-stimulus-plan.html
W.H.O. Stresses International Vaccine Equity,World Health Organization officials again urged that vaccines be distributed equitably worldwide and that the supply for the Covax initiative not be compromised.,By The Associated Press,AP,2021-02-26T21:53:43+0000,https://www.nytimes.com/video/world/europe/100000007626892/world-health-organization-vaccine-equity-covax.html
"‘Captain Tom,’ British Pandemic Hero, Is Honored at Funeral","Tom Moore, a 100-year-old World War II veteran, raised millions for Britain’s National Health Service during the pandemic by walking laps in his garden. He received military honors on Saturday.",By The Associated Press,AP,2021-02-27T20:17:40+0000,https://www.nytimes.com/video/world/europe/100000007627758/captain-tom-funeral.html
Brazil Is Brilliant at Vaccinations. So What Went Wrong This Time?,It’s not hard to work out who to blame for the country’s disastrous vaccine rollout.,By Vanessa Barbara,The New York Times,2021-02-28T16:00:07+0000,https://www.nytimes.com/2021/02/28/opinion/brazil-covid-vaccines.html
"Antoine Hodge, Opera Singer With a Powerful Work Ethic, Dies at 38","Mr. Hodge, a bass-baritone, was recently a chorus member in “Porgy and Bess” at the Metropolitan Opera. He died of Covid-19.",By Julia Jacobs,The New York Times,2021-02-27T17:21:29+0000,https://www.nytimes.com/2021/02/27/obituaries/antoine-hodge-dead-coronavirus.html
"Decline in Coronavirus Cases ‘May Be Stalling,’ C.D.C. Director Warns","Dr. Rochelle Walensky, director of the Centers for Disease Control and Prevention, said on Friday that a recent decline in coronavirus cases across the U.S. “may be stalling” and urged governors not to relax restrictions.",By Reuters,Reuters,2021-02-26T19:33:26+0000,https://www.nytimes.com/video/us/100000007626337/cdc-coronavirus-cases-stalling.html
Why I Overcame My Vaccine Hesitancy,"The more people who become immune to the virus, the less this scourge will be able to mutate and evade the vaccines already available.",By Jane E. Brody,The New York Times,2021-03-01T10:00:08+0000,https://www.nytimes.com/2021/03/01/well/live/vaccine-hesitancy.html
Biden Tours Texas Emergency Aid Centers After Winter Storms,"President Biden spent the day in Houston touring a local food bank and other areas hit by recent snowstorms. Storm damage is expected to total $20 billion, according to the Insurance Council of Texas.",,The New York Times,2021-02-26T22:12:23+0000,https://www.nytimes.com/video/us/politics/100000007626890/biden-houston-winter-storm.html
Transplant Patient Dies After Receiving Lungs Infected With Coronavirus,"In what appears to be the first case of its kind, a pair of donated lungs led to Covid-19 in an organ recipient, according to doctors at the University of Michigan.",By Jacey Fortin,The New York Times,2021-02-24T18:21:04+0000,https://www.nytimes.com/2021/02/24/science/covid-19-lung-transplant-death.html
‘Like We’re Being Cursed’: First Covid and Now Waterlogged Homes,"Basics remain scarce in some parts of Texas, and many already battered by a year of the coronavirus now face a costly recovery.",By Jack Healy,The New York Times,2021-02-22T23:03:41+0000,https://www.nytimes.com/2021/02/22/us/texas-winter-storm-recovery.html
Canada authorizes the AstraZeneca vaccine.,The addition of a third vaccine may ease the country’s growing dissatisfaction about the sluggish pace of vaccinations.,By Ian Austen,The New York Times,2021-02-26T15:46:50+0000,https://www.nytimes.com/2021/02/26/world/canada-astrazeneca-vaccine.html
"An American Dream, Tarnished","For Xi’an Famous Foods, the pandemic has brought an uptick in aggression toward Asian-American employees, mirroring a trend seen across the United States.",By Julia Rothman and Shaina Feinberg,The New York Times,2021-02-25T16:42:26+0000,https://www.nytimes.com/2021/02/25/business/covid-asian-american-attacks.html
F.D.A. Expert Panel Endorses Johnson & Johnson’s Vaccine,"With this last hurdle cleared, formal authorization of the one-dose vaccine is expected on Saturday and distribution within days.",By Carl Zimmer and Noah Weiland,The New York Times,2021-02-26T23:25:45+0000,https://www.nytimes.com/2021/02/26/health/covid-vaccine-johnson-and-johnson.html
Texas After the Storm,"Even as the cold has lifted and the ice has melted, the true depth of the devastation remains hidden. We look at the aftermath of the storm through the eyes of three women.",,The New York Times,2021-03-01T11:00:05+0000,https://www.nytimes.com/2021/03/01/podcasts/the-daily/texas-winter-storm-blackouts-electricity.html
Johnson & Johnson has planned trials of its vaccine that will include infants.,The company’s coming trials will also involve pregnant women and people whose immune systems are compromised.,By Gina Kolata,The New York Times,2021-02-28T19:55:38+0000,https://www.nytimes.com/2021/02/28/world/johnson-and-johnson-vaccine-testing-children.html
Does the Vaccine Stop Transmission?,How to understand the difference between vaccination to prevent Covid-19 and shots to halt infection.,By Angela L. Rasmussen,The New York Times,2021-02-23T10:00:12+0000,https://www.nytimes.com/2021/02/23/opinion/covid-vaccines-transmission.html
Officials Monitoring New Variant Detected in N.Y.C.,"New York City officials said on Thursday that they are investigating possible risks of a new coronavirus variant spreading in the city, but that it did not appear yet to require change in public health response.",By The New York Times,The New York Times,2021-02-25T18:43:22+0000,https://www.nytimes.com/video/nyregion/100000007624129/new-variant-new-york.html
"Developing Potent Antivirals Is the ‘Direction of the Future’, Fauci Says",Dr. Anthony S. Fauci said on Monday the next phase in the fight against Covid-19 is developing “potent antivirals” that directly act on the SARS-CoV-2 virus.,By Reuters,The New York Times,2021-02-22T23:05:54+0000,https://www.nytimes.com/video/us/100000007618758/fauci-coronavirus-antivirals.html
Biden Announces 50 Million Vaccinations Since Taking Office,"President Biden said on Thursday that 50 million coronavirus vaccines have been administered since Jan. 20, a halfway point toward his goal of administering 100 million in his first 100 days in office.",By The New York Times,The New York Times,2021-02-25T22:24:04+0000,https://www.nytimes.com/video/us/politics/100000007624778/biden-administration-50-million-vaccinations.html
Johnson & Johnson’s Vaccine Works Well and May Curb Virus Spread,F.D.A. studies show the shot strongly protects against severe illness and may reduce spread of the virus. But the drugmaker has fallen short of initial production goals.,"By Carl Zimmer, Noah Weiland and Sharon LaFraniere",The New York Times,2021-02-24T22:36:30+0000,https://www.nytimes.com/2021/02/24/health/covid-vaccine-johnson-and-johnson.html
Ghana Receives First Vaccine Shipment Through Covax,Ghana on Wednesday became the first country to receive a shipment of coronavirus vaccines through the World Health Organization’s Covax distribution program.,By Reuters,The New York Times,2021-02-25T02:58:08+0000,https://www.nytimes.com/video/world/africa/100000007623218/ghana-covax-coronavirus-vaccine.html
F.D.A.’s expert panel voted in favor of the Johnson & Johnson shot.,"With this last hurdle cleared, formal authorization of the one-dose vaccine is expected on Saturday and distribution within days.","By Carl Zimmer, Noah Weiland and Sharon LaFraniere",The New York Times,2021-02-26T10:02:39+0000,https://www.nytimes.com/2021/02/26/world/FDA-Johnson-and-Johnson-vaccine.html
"Give Biden a Chance? On Covid Aid, Some Trump Voters Just Might","Republican leaders in Washington firmly oppose the president’s stimulus plan, but a sizable number of Trump voters support it, interviews and polls show.",By Lisa Lerer,The New York Times,2021-02-25T21:43:15+0000,https://www.nytimes.com/2021/02/25/us/politics/republicans-trump-biden-stimulus.html
"Norman Landsberg, Jeweler With a Friendly Touch, Dies at 94",He designed and sold jewelry for 72 years from a booth in the diamond district in Manhattan. He died of Covid-related pneumonia.,By Richard Sandomir,The New York Times,2021-03-01T21:03:13+0000,https://www.nytimes.com/2021/03/01/obituaries/norman-landsberg-dead-coronavirus.html
"Patrick Filien, Peripatetic Basketball Coach, Dies at 51","After assistant coaching jobs around the country, he found his dream job as the head coach at a small college in Albany, N.Y. He died of Covid-19.",By Richard Sandomir,The New York Times,2021-02-25T20:45:02+0000,https://www.nytimes.com/2021/02/25/obituaries/patrick-filien-covid.html
"Honoring One Life Among 500,000","In North Philadelphia, a family gathered for a last day with “The Best Mom Ever.”",By Rachel Wisniewski and Shelby Knowles,The New York Times,2021-02-24T15:29:52+0000,https://www.nytimes.com/2021/02/24/us/covid-philadelphia-funeral-photo.html
White House Coronavirus Team Works to Improve Mask Equitability,The White House coronavirus task force said on Wednesday that it wants to improve mask equitability by sending more than 25 million masks to vulnerable communities.,By The Associated Press,AP,2021-02-24T20:40:20+0000,https://www.nytimes.com/video/us/politics/100000007622350/masks-coronavirus-white-house.html
Children and Covid,"As the United States continues its campaign to immunize every eligible American adult, we explore an overlooked question: When will children get the vaccine?",,The New York Times,2021-02-19T11:00:08+0000,https://www.nytimes.com/2021/02/19/podcasts/the-daily/coronavirus-pandemic-children-vaccinations.html
W.H.O. Warns Wealthy Countries Are Undermining Covax Program,The head of the World Health Organization said some of the vaccine manufacturing deals wealthier countries were entering took away from the number of vaccines available to distribute to poorer countries.,By The Associated Press,The New York Times,2021-02-24T21:03:14+0000,https://www.nytimes.com/video/world/100000007622533/who-covax-coronavirus-vaccine.html
"Claudette White, Innovative Tribal Judge, Dies at 49","An advocate for her people, the Quechan of Southern California, she had been calling out injustice since the third grade. She died of Covid-19.",By Penelope Green,The New York Times,2021-02-26T19:29:45+0000,https://www.nytimes.com/2021/02/26/obituaries/00claudette-white-dead-coronavirus.html
"People Who Have Had Covid Should Get Single Vaccine Dose, Studies Suggest",New studies show that one shot of a vaccine can greatly amplify antibody levels in those who have recovered from the coronavirus.,By Apoorva Mandavilli,The New York Times,2021-02-19T14:49:51+0000,https://www.nytimes.com/2021/02/19/health/covid-vaccine-single-dose.html
F.C.C. Approves a $50 Monthly High-Speed Internet Subsidy,"The money, aimed at low-income households, is part of an effort to bridge the access gap to broadband connectivity amid the pandemic.",By Cecilia Kang,The New York Times,2021-02-26T04:19:01+0000,https://www.nytimes.com/2021/02/25/technology/fcc-broadband-low-income-subsidy.html
New Mass Vaccine Sites Target N.Y. Communities Hit Hard by Pandemic,"Gov. Andrew M. Cuomo of New York said two mass vaccination sites, opened on Wednesday in Queens and Brooklyn, would prioritize vaccinating residents of surrounding ZIP codes.",By The New York Times,The New York Times,2021-02-24T20:51:03+0000,https://www.nytimes.com/video/nyregion/100000007622417/new-york-mass-vaccination-sites.html
New analyses show Johnson & Johnson’s one-dose vaccine works well.,F.D.A. studies show the shot strongly protects against severe illness and may reduce spread of the virus. But the drugmaker has fallen short of initial production goals.,"By Carl Zimmer, Noah Weiland and Sharon LaFraniere",The New York Times,2021-02-24T13:18:26+0000,https://www.nytimes.com/2021/02/24/science/johnson-johnson-covid-vaccine.html
"Fry’s Electronics, a favorite of tech enthusiasts, will cease operations.",The big-box retailer attributed the shutdown to “changes in the retail industry and the challenges posed by the Covid-19 pandemic.”,By Gregory Schmidt and Gillian Friedman,The New York Times,2021-02-24T14:10:39+0000,https://www.nytimes.com/2021/02/24/business/frys-electronics-pandemic.html
Palestinians Go Into New Lockdown While Awaiting Vaccines,Covid cases are surging again in the West Bank amid a dispute over Israel’s obligations toward the Palestinians in the occupied territories.,By Isabel Kershner,The New York Times,2021-02-27T16:15:20+0000,https://www.nytimes.com/2021/02/27/world/middleeast/palestinians-west-bank-lockdown.html
Australian Open Offered Unexpected Lessons About Pandemic Sports,"The goal was to hold a major international sports event without putting public health at risk. Mission accomplished, but pulling it off presented major, unforeseen challenges and many sleepless nights.",By Matthew Futterman,The New York Times,2021-02-22T10:00:18+0000,https://www.nytimes.com/2021/02/22/sports/tennis/coronavirus-australian-open.html
The Twilight of the Anti-Trump Idols,"From Andrew Cuomo’s scandals to the European vaccine disaster, after Trump the failures of his foils have been laid bare.",By Ross Douthat,The New York Times,2021-02-27T19:30:06+0000,https://www.nytimes.com/2021/02/27/opinion/sunday/trump-cuomo-media-covid.html
What It Will Take to Get Life Back to Normal,"At last, Covid vaccine shots are going into arms in significant numbers, but too many people could still fall through the cracks.",By The Editorial Board,The New York Times,2021-02-27T00:00:06+0000,https://www.nytimes.com/2021/02/26/opinion/vaccine-covid-coronavirus.html
Trump and his wife received coronavirus vaccine before leaving the White House.,"Former President Donald J. Trump and his wife, Melania, quietly received coronavirus vaccinations in January before leaving the White House, an adviser said on Monday.",By Maggie Haberman,The New York Times,2021-03-01T20:41:45+0000,https://www.nytimes.com/2021/03/01/us/politics/donald-trump-melania-coronavirus-vaccine.html
"A Ripple Effect of Loss: U.S. Covid Deaths Approach 500,000",Twice as many Americans have died as early worst-case projections.,By Julie Bosman,The New York Times,2021-02-21T08:00:13+0000,https://www.nytimes.com/2021/02/21/us/coronavirus-deaths-us-half-a-million.html
Bosses Shouldn’t Demand That You Be Vaccinated,Let the government make the policy.,By Katie Attwell and Mark Navin,The New York Times,2021-02-26T10:00:28+0000,https://www.nytimes.com/2021/02/26/opinion/business-economics/company-vaccine-requirements.html
Thousands of Migrant Children Detained in Resumption of Trump-Era Policies,President Biden vowed to create a humane approach to immigration. But thousands of children who crossed the border alone are being confined in government shelters.,By Miriam Jordan,The New York Times,2021-02-26T23:25:23+0000,https://www.nytimes.com/2021/02/26/us/migrant-children-border-detained.html
The Era of Vaccine Diplomacy Is Here,The coronavirus threat is global. So is the remedy.,By The Editorial Board,The New York Times,2021-02-28T16:00:09+0000,https://www.nytimes.com/2021/02/28/opinion/covid-vaccine-global.html
The Season of the Snitch,"Narc-narc, who’s there?",By Ezra Marcus,The New York Times,2021-02-26T15:51:31+0000,https://www.nytimes.com/2021/02/26/style/the-season-of-the-snitch.html
Thousands of Farmworkers Are Prioritized for the Coronavirus Vaccine,"A landmark initiative in California is taking vaccines to the fields, targeting an immigrant work force that is at high risk for Covid-19. Many of the workers are undocumented.",By Miriam Jordan,The New York Times,2021-03-01T08:00:10+0000,https://www.nytimes.com/2021/03/01/us/coronavirus-vaccine-farmworkers-california.html
Odessa,A struggling school system. An oil bust. A marching band determined to keep playing through a pandemic. This is the story of one Texas high school in crisis — and trying to reopen its doors.,"By Annie Brown, Sindhu Gnanasambandan, Soraya Shockley, Liz O. Baylen, Lisa Tobin, Tamir Kalifa and Lauren Jackson",The New York Times,2021-02-26T10:50:24+0000,https://www.nytimes.com/2021/02/26/podcasts/the-daily/texas-schools-reopening-covid.html
Federal Scientists Plead for Pandemic Controls as Infection Declines Stall,"“Now is not the time to relax restrictions,” the C.D.C. director, Rochelle Walensky, said, pointing to a leveling of coronavirus infections as governors move to lift pandemic restrictions.",By Sheryl Gay Stolberg,The New York Times,2021-02-27T00:37:49+0000,https://www.nytimes.com/2021/02/26/us/politics/coronavirus-infection-rates.html
"Influencers Find Welcome in Paradise, While the Rest of Us Watch From Lockdown","By urging travelers to visit, the Maldives is reviving its luxury resorts. It’s also risking new outbreaks and courting controversy on social media.",By Mike Ives,The New York Times,2021-02-27T17:18:40+0000,https://www.nytimes.com/2021/02/27/world/asia/maldives-influencers-covid.html
The Masks of Mexico,A surreal representation of resilience and resignation.,By Russell Monk with Text by Valerie Mejer Caso,The New York Times,2021-02-26T01:30:13+0000,https://www.nytimes.com/2021/02/25/opinion/coronavirus-mexico-mask.html
The E.U. will propose a vaccine passport system for Europe.,The Digital Green Pass would allow Europeans who have been vaccinated to travel more freely.,By Monika Pronczuk,The New York Times,2021-03-01T17:38:31+0000,https://www.nytimes.com/2021/03/01/world/eu-vaccine-passport.html
"Frontier Cancels Flight, Citing Maskless Passengers","The airline’s treatment of the passengers, all Orthodox Jews, drew condemnation and accusations of anti-Semitism from Jewish groups.",By Marie Fazio,The New York Times,2021-03-01T23:30:04+0000,https://www.nytimes.com/2021/03/01/us/frontier-airlines-face-masks.html
"The impact of the storm in Texas could lead to more virus cases, experts say.",Texas' recent storm eyed as possible superspreader ,By Giulia McDonnell Nieto del Rio,The New York Times,2021-02-28T14:55:52+0000,https://www.nytimes.com/2021/02/28/us/texas-storms-covid-superspreader.html
Vaccine Hesitancy in Cancer Patients,"“If I accept the vaccine,” one cancer patient says, “it will be with a strong feeling of guilt that at best I will be prolonging my life for a few months or years.”",By Susan Gubar,The New York Times,2021-02-25T10:00:19+0000,https://www.nytimes.com/2021/02/25/well/live/vaccine-hesitancy-in-cancer-patients.html
A Grim Measure of Covid’s Toll: Life Expectancy Drops Sharply in U.S.,"American life expectancy fell by one year, to 77.8 years, in the first half of 2020. It may rebound as the pandemic’s end approaches.",By Sabrina Tavernise and Abby Goodnough,The New York Times,2021-02-18T05:01:07+0000,https://www.nytimes.com/2021/02/18/us/covid-life-expectancy.html
Your Monday Briefing,Protests against Spain’s biting economic crisis.,By Natasha Frost,The New York Times,2021-03-01T02:56:48+0000,https://www.nytimes.com/2021/02/28/briefing/spain-protests-coronavirus-hong-kong.html
Odessa,A struggling school system. An oil bust. A marching band determined to keep playing through a pandemic. This is the story of one Texas high school in crisis — and trying to reopen its doors.,"By Annie Brown, Sindhu Gnanasambandan, Soraya Shockley, Liz O. Baylen, Lisa Tobin, Tamir Kalifa and Lauren Jackson",The New York Times,2021-02-26T10:50:20+0000,https://www.nytimes.com/2021/02/26/podcasts/odessa-school-reopenings-texas.html
The Paradox of Pandemic Partisanship,Many Republicans consider Biden illegitimate — and support his plans.,By Paul Krugman,The New York Times,2021-02-26T00:00:05+0000,https://www.nytimes.com/2021/02/25/opinion/covid-relief-republicans-biden.html
High Staff Turnover at U.S. Nursing Homes Poses Risks for Residents’ Care,"A new study highlights the persistent problems caused by an unstable work force, an underlying threat that may have led to staggering death tolls in the pandemic.",By Reed Abelson,The New York Times,2021-03-01T21:05:41+0000,https://www.nytimes.com/2021/03/01/health/covid-nursing-homes-staff-turnover.html
"A Day Before He Speaks, Conservative Gathering Is Mostly About Trump","At CPAC on Saturday, the focus was on praise for Mr. Trump in advance of his speech there on Sunday.",By Jonathan Martin,The New York Times,2021-02-28T00:36:32+0000,https://www.nytimes.com/2021/02/27/us/politics/CPAC-republicans-pompeo.html
Early data offers hope on AstraZeneca’s vaccine.,A study from Scotland shows a substantially reduced risk of hospitalization after a single shot. But experts caution more evidence is needed.,By Benjamin Mueller,The New York Times,2021-02-22T13:48:47+0000,https://www.nytimes.com/2021/02/22/world/covid-astrazeneca-vaccine.html
China Persecutes Those Who Question ‘Heroes.’ A Sleuth Keeps Track.,An online spreadsheet with an anonymous minder tabulates Xi Jinping’s crackdown on speech.,By Li Yuan,The New York Times,2021-02-26T06:08:46+0000,https://www.nytimes.com/2021/02/26/business/china-online-censorship.html
What to Know About the Virus This Week,The latest news and data from the team tracking the coronavirus.,By Mitch Smith,The New York Times,2021-02-26T18:00:07+0000,https://www.nytimes.com/interactive/2021/02/26/us/virus-this-week.html
Tracking Coronavirus Cases at U.S. Colleges and Universities,"Coronavirus cases have continued to emerge by the tens of thousands this year at colleges, a New York Times survey has found.",By The New York Times,The New York Times,2021-02-25T15:14:51+0000,https://www.nytimes.com/interactive/2021/us/college-covid-tracker.html
"Biden and Harris Honor 500,000 Americans Lost During Pandemic","As the nation passed a “truly grim, heartbreaking milestone” on Monday, President Biden and Vice President Kamala Harris observed a moment of silence during a ceremony at the White House.",By The Associated Press,The New York Times,2021-02-23T00:21:36+0000,https://www.nytimes.com/video/us/politics/100000007618882/biden-harris-coronavirus-deaths.html
"‘Captain Tom,’ the 100-year-old who raised millions for Britain’s health system, gets a hero’s goodbye at his funeral.","In the final year of his life, the decorated World War II veteran inspired people around the world with his patio laps and was knighted by Queen Elizabeth.",By Anushka Patil,The New York Times,2021-02-27T20:59:14+0000,https://www.nytimes.com/2021/02/27/world/captain-tom-moore-funeral.html
Here is what we know about the rollout of the Johnson & Johnson vaccine.,"Much is still to be determined about how this new tool will be used, but some things are already clear.",By Patrick J. Lyons,The New York Times,2021-03-01T22:00:31+0000,https://www.nytimes.com/2021/03/01/us/jj-vaccine-rollout.html
Boris Johnson Maps Out Plan to Lift Virus Lockdown,Prime Minister Boris Johnson of Britain outlined a plan to remove lockdown measures as a path toward “freedom” for the region.,By The Associated Press,AP,2021-02-22T18:07:01+0000,https://www.nytimes.com/video/world/europe/100000007617999/boris-johnson-uk-virus-lockdown.html
California Reaches Another Bleak Milestone,"Thursday: More than 50,000 people have died from Covid-19 in the state. Also: More on the Newsom recall effort; and remembering Fry’s Electronics.",By Jill Cowan and Priya Arora,The New York Times,2021-02-25T13:52:47+0000,https://www.nytimes.com/2021/02/25/us/california-covid.html
Watch Live: Biden Delivers Small Business Announcement,"On Monday, President Biden will deliver an announcement on small businesses, and how to recover from the economic impact of the coronavirus pandemic.",By Reuters,Reuters,2021-02-22T16:30:05+0000,https://www.nytimes.com/video/us/politics/100000007617713/biden-small-business.html
"Facing Roadblocks, Vast Global Vaccination Effort Gets Underway","An operation to supply billions of coronavirus vaccine doses to poorer countries has started. But as rich countries buy most of the available supply, stark inequalities remain.",By Ruth Maclean,The New York Times,2021-02-24T22:20:56+0000,https://www.nytimes.com/2021/02/24/world/africa/covax-vaccine-inequality.html
"Derek Khan, Onetime Stylist for Hip-Hop Stars, Dies at 63","He was an architect of the over-the-top look known as “ghetto fabulous.” Later, unable to support his own lavish lifestyle, he fell from grace.",By Penelope Green,The New York Times,2021-02-28T17:36:19+0000,https://www.nytimes.com/2021/02/28/fashion/derek-khan-dead.html
"Facing Roadblocks, Vast Global Vaccination Effort Gets Underway","An operation to supply billions of coronavirus vaccine doses to poorer countries has started. But as rich countries buy most of the available supply, stark inequalities remain.",By Ruth Maclean,The New York Times,2021-02-24T22:20:56+0000,https://www.nytimes.com/2021/02/24/world/africa/covax-vaccine-inequality.html
"Elizabeth R. Duff, First Woman to Drive a Nashville City Bus, Dies at 72","A Black woman, Mrs. Duff broke gender and race barriers. She died of Covid-19.",By Stephen Kurczy,The New York Times,2021-02-23T16:06:06+0000,https://www.nytimes.com/2021/02/23/obituaries/elizabeth-duff-dead-coronavirus.html
Coronavirus Briefing: What Happened Today,What’s next for the variants? Denmark offers a possible warning to the U.S.,By Jonathan Wolfe,The New York Times,2021-02-23T23:18:51+0000,https://www.nytimes.com/2021/02/23/us/coronavirus-today.html
Lessons on Resilience From Dogs and Dog Sledders,"The adventurer Blair Braverman has led a team of sled dogs over a 900-mile race in Alaska, seen her skin dissolve in the desert and overcome Covid-19. What makes it all less terrifying? Accepting the unknown.",By Kara Swisher,The New York Times,2021-02-22T10:00:06+0000,https://www.nytimes.com/2021/02/22/opinion/sway-kara-swisher-blair-braverman.html
"The Loneliest Room, for My Sister in a Nursing Home","The pandemic has stolen away the chance to surround the sister we are losing to dementia with our love, so that she does not have to face death alone.",By Susan Nusser,The New York Times,2021-02-26T10:00:12+0000,https://www.nytimes.com/2021/02/26/well/family/nursing-home-covid-dementia.html
What Helped Save Some Sports From Financial Ruin May Not Happen Again,"Event cancellation insurance is a specialized realm. But during the coronavirus pandemic, it has shored up the balance sheets of sporting events around the world.",By Alan Blinder and Kevin Draper,The New York Times,2021-02-26T21:45:33+0000,https://www.nytimes.com/2021/02/26/sports/pandemic-insurance-2021-ncaa-sports.html
Sexual Harassment Claims Against Cuomo: What We Know So Far,"Multiple women have accused Gov. Andrew Cuomo of sexual harassment or inappropriate behavior, prompting calls for his resignation.",By Luis Ferré-Sadurní and Mihir Zaveri,The New York Times,2021-03-01T10:00:13+0000,https://www.nytimes.com/article/cuomo-sexual-harassment-nursing-homes-covid-19.html
What Are the Vaccine Roadblocks Where You Live?,U.S. counties should prepare to overcome serious barriers to widespread vaccination. And vaccine hesitancy is only the tip of the iceberg.,By Jeneen Interlandi and Yaryna Serkez,The New York Times,2021-02-25T10:05:04+0000,https://www.nytimes.com/interactive/2021/02/25/opinion/covid-vaccination-barriers.html
Virus Did Not Bring Financial Rout That Many States Feared,"Grim forecasts held up for a few states, but many took in about as much tax revenue as before the pandemic — sometimes a lot more.",By Mary Williams Walsh and Karl Russell,The New York Times,2021-03-01T17:20:37+0000,https://www.nytimes.com/2021/03/01/business/covid-state-tax-revenue.html
Future Vaccines Depend on Test Subjects in Short Supply: Monkeys,"The pandemic has highlighted the United States’ dependence on China for research animals, reviving calls for a “strategic monkey reserve.”",By Sui-Lee Wee and Bryan Tarnowski,The New York Times,2021-02-23T10:00:24+0000,https://www.nytimes.com/2021/02/23/business/covid-vaccine-monkeys.html
N.B.A. Investigating After Jeremy Lin Said He Was Called ‘Coronavirus’,"Lin, who is Taiwanese-American, said on social media that he had been called “coronavirus” on the court. He has been playing in the N.B.A.’s developmental league.",By Michael Levenson,The New York Times,2021-02-27T05:05:08+0000,https://www.nytimes.com/2021/02/27/sports/basketball/nba-jeremy-lin-coronavirus.html
Delivery to Ghana is the first in an ambitious global vaccination drive.,"The initiative known as Covax plans to deliver some two billion doses worldwide this year, the largest mass inoculation operation in history.",By Ruth Maclean,The New York Times,2021-02-24T10:05:12+0000,https://www.nytimes.com/2021/02/24/world/ghana-covax-vaccine.html
"Broadway Is Dark. London Is Quiet. But in Australia, It’s Showtime.","Temperature-taking robots, scanning codes for contact tracing, and generous refund policies are helping shows like “Frozen,” “Come From Away” and “Hamilton” get back onstage.",By Damien Cave and Michael Paulson,The New York Times,2021-02-27T17:05:47+0000,https://www.nytimes.com/2021/02/27/theater/australia-theater-reopens-coronavirus.html
"Where a Vaccination Campaign Faces Skepticism, War and Corruption","A half-million doses arrived this month in Afghanistan, where many insist the virus isn’t real and vaccines aren’t needed. Those who want the vaccine fear that only the well-connected will receive it.",By David Zucchino and Najim Rahim,The New York Times,2021-02-23T16:01:46+0000,https://www.nytimes.com/2021/02/23/world/asia/afghanistan-vaccine-corruption.html
"Giving Hope, and a Place to Mourn: Memorials to the Pandemic","How should we memorialize those who’ve died from Covid-19? In Italy and Britain, artists and architects are beginning to come up with answers.",By James Imam and Alex Marshall,The New York Times,2021-02-22T21:43:40+0000,https://www.nytimes.com/2021/02/22/arts/design/coronavirus-memorials-italy-britain.html
"Warren Revives Wealth Tax, Citing Pandemic Inequalities","A tax on the net worth of America’s wealthiest individuals remains popular with voters, but has yet to be embraced by President Biden.",By Jim Tankersley,The New York Times,2021-03-01T10:00:11+0000,https://www.nytimes.com/2021/03/01/business/elizabeth-warren-wealth-tax.html
Deaths Fell in Japan Last Year. How?,The decline indicated that methods for fighting the coronavirus have also been effective at curbing other illnesses.,By Ben Dooley and Hikari Hida,The New York Times,2021-02-24T08:44:20+0000,https://www.nytimes.com/2021/02/24/world/asia/japan-deaths.html
Assessing Claims in the Coronavirus Stimulus Debate,"Lawmakers have made an array of misleading claims about “Pelosi’s subway,” unauthorized immigrants receiving checks, school funding and the minimum wage as they debate the $1.9 trillion relief bill.",By Linda Qiu,The New York Times,2021-02-27T10:00:11+0000,https://www.nytimes.com/2021/02/27/us/politics/assessing-claims-in-the-coronavirus-stimulus-debate.html
Want to Buy a Scrunchie Mask? Great. But Forget About That N95.,"Scientists are urging Americans to upgrade their face coverings. But Amazon, Google and Facebook restrict the sale of medical-grade masks. Critics say the rules are outdated.",By Andrew Jacobs,The New York Times,2021-02-26T21:04:11+0000,https://www.nytimes.com/2021/02/26/health/n95-masks-facebook-sale-amazon.html
"Vaccines Sharply Cut Coronavirus Hospitalization, U.K. Studies Show","The Pfizer-BioNTech and AstraZeneca-Oxford vaccines are both effective, and work against the more contagious virus variant in Britain, researchers found.",By Benjamin Mueller,The New York Times,2021-02-22T21:11:14+0000,https://www.nytimes.com/2021/02/22/world/europe/vaccine-studies-UK-hospital.html
California Will Reserve Vaccine Doses for Teachers and School Staff,"Gov. Gavin Newsom said on Friday that, starting on March 1, California will set aside 10 percent of the state’s first doses of Covid-19 vaccine for educators and school employees.",By The New York Times,The New York Times,2021-02-20T16:01:58+0000,https://www.nytimes.com/video/us/politics/100000007615773/california-newsom-vaccines-teachers.html
"Raymond Cauchetier, Whose Camera Caught the New Wave, Dies at 101","A self-taught photographer, he created indelible images on the sets of a French revolution in film, though he was not recognized for them for decades.",By Robert D. McFadden,The New York Times,2021-02-26T23:37:06+0000,https://www.nytimes.com/2021/02/26/movies/raymond-cauchetier-dead.html
"Vaccines Adapted for Variants Will Not Need Lengthy Testing, F.D.A. Says",The agency’s new guidance will speed the development of vaccines that protect against more contagious variants of the coronavirus.,"By Noah Weiland, Katie Thomas and Carl Zimmer",The New York Times,2021-02-22T22:32:51+0000,https://www.nytimes.com/2021/02/22/health/covid-vaccine-variants.html
Positive Coronavirus Test? Canadians Worry Their Neighbors Will Find Out,The fear of public shaming is becoming so prevalent in some Canadian provinces that doctors worry it is driving virus cases underground.,By Catherine Porter,The New York Times,2021-02-21T10:00:11+0000,https://www.nytimes.com/2021/02/21/world/canada/coronavirus-public-shaming.html
How Covid-19 Threatens Native Languages,The average age of Lakota and Dakota speakers is 70. We are running out of time to save them.,By Jodi Archambault,The New York Times,2021-01-24T16:00:11+0000,https://www.nytimes.com/2021/01/24/opinion/covid-lakota-language.html
Fauci expects Americans could still need to wear face masks in 2022.,"President Biden’s chief medical adviser for Covid-19 said that Americans may still be wearing masks outside their homes a year from now, even as he predicted a partial return to normality by fall.",By Abby Goodnough,The New York Times,2021-02-21T16:58:02+0000,https://www.nytimes.com/2021/02/21/science/fauci-face-masks-2022.html
What Happens When People Stop Going to the Doctor? We’re About to Find Out,A year of missed preventive medical care is endangering minority communities.,By Wayne A.I. Frederick,The New York Times,2021-02-22T10:00:12+0000,https://www.nytimes.com/2021/02/22/opinion/medical-care-coronavirus.html
F.C.C. Broadband Plan Includes $50 Monthly Subsidy for Millions,A proposal released by the acting chairwoman of the commission is an attempt to close the digital divide.,By Cecilia Kang,The New York Times,2021-02-22T23:04:17+0000,https://www.nytimes.com/2021/02/22/technology/fcc-broadband-subsidy.html
Why Opening Windows Is a Key to Reopening Schools,A simulation of airflow in a real New York City classroom shows how simple ventilation and filtration can reduce the probability of coronavirus exposure.,"By Nick Bartzokas, Mika Gröndahl, Karthik Patanjali, Miles Peyton, Bedel Saget and Umi Syam",The New York Times,2021-02-27T00:44:33+0000,https://www.nytimes.com/interactive/2021/02/26/science/reopen-schools-safety-ventilation.html
The Coronavirus Is Threatening a Comeback. Here’s How to Stop It.,"Many scientists are expecting another rise in infections. But this time the surge will be blunted by vaccines and, hopefully, widespread caution. By summer, Americans may be looking at a return to normal life.",By Apoorva Mandavilli,The New York Times,2021-02-25T23:30:14+0000,https://www.nytimes.com/2021/02/25/health/coronavirus-united-states.html
